Pressure,T,SiO2,TiO2,Al2O3,FeO,MgO,CaO,NiO,Na2O,K2O,H2O,Fe,Ni+Cu+Co,S,O,SCSS measurement
2.5,1773,36.83,10.56,9.94,18.57,9.24,12.89,0.43,0.34,0.03,0,64.06,0,34.19,1.64,3834
2.5,1773,41.24,4.84,12.44,15.94,7.58,13.37,0.01,0.67,0.14,0,64.74,0,33.81,1.49,2490
2.5,1673,33.28,17.21,7.34,22.97,5.9,10.85,0.18,0.36,0.07,0,63.94,0,34.07,1.76,4570
2,1773,38.52,9.87,9.93,18.05,8.38,12.3,0.33,0.34,0.07,0,63.59,0,33.27,2.32,4658
1.5,1873,42.89,4.77,13.35,17.69,6.76,11.79,0.01,0.49,0.14,0,63.9,0,33.78,2.8,4798
1.5,1873,38.16,10.21,9.67,19.24,8.32,11.53,0.38,0.39,0.05,0,63.26,0,34.75,1.97,5864
1.5,1823,39.34,10.74,9.28,17.71,8.41,12.44,0.37,0.37,0.06,0,64.65,0,33.31,2.27,4551
1.5,1773,38.63,10.29,9.62,16.19,8.98,13.31,0.35,0.37,0.06,0,63.91,0,33.6,2.09,5316
1.5,1723,39.07,11.02,8.98,18.38,8.19,11.94,0.37,0.37,0.05,0,63.52,0,34.1,2.25,4460
1.5,1673,39.06,10.87,8.89,18.31,8.31,12.16,0.39,0.35,0.06,0,64.06,0,33.62,2.26,3776
1.5,1673,38.63,10.44,9.5,17.91,8.45,12.78,0.38,0.38,0.05,0,63.38,0,33.62,2.56,3941
1.5,1673,41.48,4.64,13.02,16.74,7.13,13.55,0.02,0.52,0.14,0,64.89,0,32.64,2.49,2800
1,1773,37.97,10.87,9.41,18.25,8.71,11.94,0.36,0.34,0.05,0,63.98,0,33.22,2.78,5350
1,1773,43.78,4.56,13.09,14.97,7.05,13.43,0.01,0.51,0.15,0,63.98,0,33.37,2.35,4054
1,1543,52.38,1.12,15.96,4.54,3.08,9.54,0,2.72,6.53,2.84,62.88156904,0,36.02883096,1.0896,1225
1,1543,53.37,1.09,16.42,4.43,3.14,9.51,0,2.52,6.24,2.84,62.89835265,0,36.03844735,1.0632,1214
1,1543,54.5,0.61,17.6,6.3,4.67,11.6,0,1.68,0.08,1.19,62.6130313,0,35.8749687,1.512,660
1,1543,55.27,0.6,18.32,6.05,4.75,11.46,0,1.6,0.07,1.19,62.65117587,0,35.89682413,1.452,714
1,1543,52.82,0.58,19.48,5.47,4.95,12.05,0,1.64,0.07,2.43,62.73967126,0,35.94752874,1.3128,705
1,1543,55.98,0.59,17.28,5.71,5.03,11.5,0,1.72,0.08,1.38,62.70305248,0,35.92654752,1.3704,637
1,1543,53.49,1.12,16.65,4.44,3.31,9.83,0,2.7,6.25,1.31,62.89682686,0,36.03757314,1.0656,842
1,1543,52.98,1.15,16.41,4.11,3.36,10.16,0,2.51,6.01,2.58,62.94717769,0,36.06642231,0.9864,1184
1,1543,53.05,1.12,15.55,5.12,3.75,9.95,0,3.07,4.34,3.14,62.79307365,0,35.97812635,1.2288,1537
1,1543,54.08,1.11,16.3,4.95,3.81,9.88,0,2.98,4.22,3.14,62.81901195,0,35.99298805,1.188,1434
1,1543,53.42,1.11,17.32,5.08,3.76,10,0,3.17,4.26,1.28,62.79917678,0,35.98162322,1.2192,1025
1,1543,54.7,0.9,18.02,1.85,4.18,11.33,0,2.28,3.35,3.39,63.29200455,0,36.26399545,0.444,1211
1,1543,54.66,0.73,18.69,2.27,4.7,12.05,0,1.95,1.4,3.55,63.22792168,0,36.22727832,0.5448,828
1,1683,37.94,18.77,5.45,12.21,13.89,7.62,0,0.21,0.138,0,61.17,0,38.69,2.93,4755
1.5,1683,34.18,17.79,5.2,18.59,12.01,7.38,0,0.22,0.16,0,59.82,0,36.04,4.46,6273
2,1683,30.8,18.05,5.04,22.96,10.47,7.07,0,0.19,0.17,0,59.81,0,35.36,5.51,7343
2.5,1683,33.23,14.28,4.71,20.85,12.32,6.22,0,1.88,0.09,0,60.28,0,38.21,5,7384
1,1683,45.77,6.53,9.15,9.93,13.74,10.64,0,0.57,0.28,0,60.55,0,33.42,2.38,2377
1,1783,45.18,4.99,6.89,14.2,16.21,8.41,0,0.62,0.1,0,59.08,0,31.68,3.41,3644
1,1783,42.35,4.9,6.7,18.44,15.22,8.32,0,0.45,0.13,0,60.31,0,31.07,4.43,4465
1,1783,47.31,5.17,7.29,11.19,17.05,8.86,0,0.47,0.1,0,60.84,0,33.15,2.69,2928
1.5,1783,47.36,4.39,6.59,10.48,16.13,8.95,0,0.88,0.77,0,56.97,0,32.57,2.52,3381
2,1783,40.87,5.56,7.4,18.75,13.49,9.23,0,0.47,0.13,0,60.46,0,32.13,4.5,3658
2.5,1783,40.87,4.38,6.43,19.4,16.41,8.27,0,0.29,0.1,0,61.43,0,31.26,4.66,2677
1,1783,52.18,0.28,9.04,7.33,16.07,9.77,0,0.08,0.035,0,55.09,0,36.07,1.76,2206
2,1783,46.17,0.2,6.88,17.01,17.51,7.44,0,0.26,0.02,0,59,0,36.4,4.08,2567
2.5,1783,49.62,0.22,7.54,11.5,19.32,7.59,0,0.09,0.03,0,56.6,0,37.66,2.76,2106
1,1683,47.1,9.65,7.96,10.61,12.34,8.83,0,0.41,0.1,0,62.1,0,35.01,2.55,2533
1,1764,47.81,9.43,8.04,10,12.25,8.84,0,0.51,0.37,0,62,0,34.75,2.4,3034
1,1783,47.16,9.36,7.9,11.81,11.78,8.7,0,0.37,0.024,0,62.19,0,34.4,2.83,3005
1,1883,48.26,9.5,8.3,9.5,12.19,8.89,0,0.71,0.027,0,61.12,0,35.04,2.28,4130
2,1783,42.93,8.96,7.61,16.61,10.62,8.42,0,0.74,0.03,0,58.95,0,33.36,3.99,3199
2.5,1783,41.64,9.77,7.85,17.04,9.54,8.94,0,0.45,0.04,0,43.66,0,28.71,4.09,2388
1,1683,53.04,7.44,12.39,4.02,5.12,11.65,0,0.22,0.24,0,57.48,0,33.75,0.96,1882
1,1783,49.81,6.79,11.68,10.12,4.68,10.98,0,0.23,0.19,0,61.75,0,33.16,2.43,2336
1,1833,53.59,7.02,12.57,6.55,5.1,11.89,0,0.08,0.08,0,58.9,0,34.61,1.57,2417
1.5,1783,47.64,6.35,10.94,16.27,4.5,10.31,0,0.11,0.04,0,61.66,0,32.58,3.91,2872
2,1783,46.77,6.27,10.77,17.47,4.31,10.12,0,0.09,0.02,0,61.79,0,32.64,4.19,2595
1,1583,45.16,0.71,12.75,17.55,6.77,12.31,0,0.37,0.089,0,61.19,0.27,32.07,3.32,2700
1,1883,38.02,0.72,9.15,16.78,19.07,12.36,0,0.08,0.04,0,61.73,0.35,32,3.26,5321
1,1683,43.37,0.69,12.14,16.62,9.22,13.02,0,0.36,0.08,0,60.44,0.27,31.88,2.86,3783
1,1683,37.39,0.85,11.19,17.82,14.1,14.63,0,0.38,0.07,0,61.96,0.25,29.34,4.67,4533
1,1783,39.63,0.78,14.98,17.92,6.49,15.72,0,0.84,0.04,0,62.06,0.33,32.35,3.63,5655
1,1783,38.5,0.71,9.42,21.81,17.32,10.21,0,0.21,0.085,0,61.88,0.61,33.11,5.222679636,5301
1,1883,46.04,0.64,9.45,18.55,12,9.77,0,0.77,0.07,0,60.12,0.61,31.01,3.31,5337
1,1783,45.59,0.66,9.3,21.27,10.68,8.55,0,0.48,0.05,0,61.31,1.26,32.13,3.77,5028
1,1688,37.89,0.79,12.31,24.44,6.95,14,0,0.142,0.05,0,61.46,0.39,27.93,5.25,4992
1,1683,35.73,0.76,12.23,25.84,6.43,13.86,0,0.134,0.046,0,64.62,0.34,28.81,4.77,6099
1,1883,41.86,0.69,11.12,26.97,6.29,9.67,0,0.31,0.061,0,62.45,0.6,29.12,4.5,7648
1,1783,44.12,0.69,12.68,20.87,7.58,10.11,0,0.38,0.07,0,60.64,0.88,29.93,3.66,5163
1,1683,40.83,0.63,8.8,25.23,10.25,8.73,0,0.54,0.127,0,62.48,0.76,30.28,3.84,5418
1,1583,37.75301887,9.833584906,7.694528302,18.01339623,7.876792453,12.46566038,0,0.377275472,0.208030189,0,60.13138091,0.272315636,32.80987236,4.06026122,4110
1,1783,38.374,9.900333333,7.661333333,19.40133333,8.218333333,10.99333333,0,0.377516667,0.184796667,0,60.57907838,0.252725405,32.98222919,3.307932857,6052
1,1783,44.96163265,1.936326531,13.04673469,13.69673469,9.472653061,11.55795918,0,0.537467347,0.343144898,0,61.03016394,0.357587364,34.89943273,3.76635,3664
1,1583,46.93854545,2.064727273,13.70163636,13.012,8.372,10.81145455,0,0.543145455,0.334594545,0,60.86633233,0.36946325,35.11635033,3.45937,1873
1,1583,43.0929842,1.169389751,17.80242359,12.65139337,6.58687384,14.36185489,0,0.593665976,0.260025538,0,60.6263751,0.300805846,32.36313694,2.352479032,1635
1,1683,41.46515484,1.78959871,11.81791613,21.00254194,8.177366129,10.67460968,0,0.478153194,0.275695645,0,62.401292,0.443539844,31.29453711,4.131374242,4231
1,1883,43.44310455,1.795044318,12.32236136,13.27986136,9.984712045,11.74174545,0,0.481918841,0.261712932,0,59.49714,0.237590333,32.16592667,3.176354042,4896
1,1683,35.85945862,8.891676552,6.801574138,21.40743448,7.864858276,12.89327586,0,0.400569793,0.173018621,0,60.34098889,0.255225889,30.97657222,5.119934001,7424
1,1783,38.57848333,1.689411944,10.87735833,22.90318611,10.02985361,9.264121944,0,0.505033722,0.263408833,0,43.22964364,24.4569393,27.60644034,2.610836667,3909
1,1883,37.87024074,0.369198185,6.753480741,23.8230037,15.66556296,10.66665926,0,0.096076333,0.050491963,0,42.63642567,25.71129207,26.34788917,2.981530789,4749
1,1783,43.5212,2.426,11.74,15.7836,12.5324,10.2084,0,0.338112,0.134132,0,63.57315789,0.179142105,32.59315789,3.788064,3703
1,1683,41.46255455,1.08767303,17.7721,13.56529091,6.730198788,14.63379697,0,0.561578818,0.224980121,0,62.75470873,0.317525338,31.81554775,5.063323939,2713
1,1783,34.88505385,9.101273077,6.807947308,27.22428077,7.627662692,9.244225385,0,0.390134154,0.161566769,0,41.83116467,26.14140885,26.77863387,2.962435952,5852
1,1883,38.03033193,9.113770691,12.06210744,16.37919898,7.977604346,10.79933605,0,0.23135,0.107896154,0,60.48552464,0.238675,31.332075,3.1210525,6502
1,1783,42.66325973,1.089806071,19.36011932,12.65578799,7.881923837,13.08486766,0,0.23135,0.107896154,0,58.94746581,2.299516774,30.75282742,2.960074839,2886
1,1683,41.09904762,2.185714286,10.84761905,20.11666667,11.81809524,9.535238095,0,0.401004762,0.16227619,0,60.00565467,0.953362,32.370799,3.46358625,4416
1,1883,36.66923077,0.338342308,6.872307692,26.83884615,14.60115385,10.42923077,0,0.23135,0.107896154,0,36.31722,34.07179333,28.10226077,2.016685333,4458
1,1783,40.8396,1.8164,12.016,25.2948,7.494,7.966,0,0.495816,0.275492,0,32.46930333,36.87208156,26.27487644,1.533301053,3011
1,1783,36.38,1.6983875,11.42125,29.72,7.481875,7.680625,0,0.46275,0.2623625,0,24.52373922,51.82054118,23.7724002,0.015937391,1571
1,1883,36.62996122,0.368150959,6.493653673,31.71851224,13.14087551,7.563702041,0,0.073530898,0.031596612,0,25.34590891,49.709237,22.65874328,0.029165349,5223
1,1783,29.1452381,1.411914286,9.138571429,40.99666667,7.63,6.861428571,0,0.46617619,0.277485714,0,24.10391574,48.7649882,22.9568623,2.22753,4027
1,1883,36.665188,0.337293529,7.144206471,28.364926,14.73503618,8.170238529,0,0.133585588,0.028032353,0,29.69373905,39.50998571,25.01777095,1.918821429,4613
1,1783,27.71225806,7.436774194,5.709032258,39.25580645,7.799032258,7.450322581,0,0.337912903,0.155796774,0,16.79444177,56.98158403,22.06435516,1.912761282,4421
1,1783,33.76983438,8.73858375,7.225033438,28.87405313,7.41112875,8.450329063,0,0.659918656,0.169050531,0,32.493775,37.05210125,25.9453875,1.768753439,4761
1,1783,30.80142857,8.9175,6.41,30.20785714,8.337857143,10.92892857,0,0.361357143,0.152475,0,24.05736667,51.13133333,24.60016667,0.82551967,2504
1,1883,64.19572632,0.300379632,10.93928947,10.76814737,0.939628526,2.803074737,0,0.613383316,5.807076842,0,61.88568889,0.520196222,31.35031111,2.575642452,2285
1,1783,58.67214375,0.287126656,10.11591406,16.40357813,1.564755938,3.305595938,0,0.572799844,5.454793438,0,62.07472047,2.556856354,29.86810688,3.772746,3097
1,1683,55.3433973,0.236818865,9.601489189,18.05588378,1.514807027,3.590021081,0,0.628568432,5.280252162,0,62.70342509,0.316190226,29.65178717,5.022697429,4144
1,1533,62.68102115,0.301880654,11.10894385,12.75303269,0.702578154,3.372508269,0,0.603606808,5.457414423,0,60.86854765,0.317566216,30.39839333,4.431010323,2460
1,1583,42.82950968,2.485246774,11.42227419,21.06289677,8.756996452,10.07606548,0,0.491918742,0.233629871,0,62.06210952,0.258379905,31.58680476,5.05029543,3511
1,1523,51.28,0.89,17.13,7.13,7.19,10.69,0,2.58,0.83,0,64.65,0.03,36.75,1.14,1398
1,1523,50.99,0.71,16.85,8.51,7.08,10.35,0,2.51,0.84,0,58.92,4.75,35.31,1.37,1328
1,1523,49.6,1.11,17.33,6.88,7.23,10.57,0,2.53,0.8,0,50.48,14.26,33.02,2.16,1137
1,1523,50.34,1.09,17.29,5.92,7.21,10.51,0,2.54,0.8,0,62.67101104,0,35.90818896,1.4208,1069
1,1523,52.68,1.09,16.88,6.95,7.41,10.52,0,2.53,0.81,0,62.51385544,0,35.81814456,1.668,1083
1,1523,51.53,0.73,16.87,6.81,7.04,10.46,0,2.5,0.79,0,62.53521639,0,35.83038361,1.6344,1020
1,1523,52.64,0.75,17.43,5.82,7.21,10.48,0,2.6,0.82,0,62.68626887,0,35.91693113,1.3968,776
1,1523,55.02,1.02,17.54,1.81,8.21,10.85,0,2.69,0.99,0,7.29,63.57,29.29,1.45,457
1,1523,51.98,1.16,17.26,8.52,7.17,10.52,0,2.51,0.84,4.96,51.53,13.25,33.45,2.23,1523
1,1523,51.94,1.2,17.74,6.34,7.57,10.96,0,2.58,0.88,3.21,51.91,11.55,36.23,0.82,1402
1,1523,51.83,0.99,17.37,7.08,7.27,10.46,0,2.48,0.73,2.72,50.39,11.72,36.46,0.94,1355
1,1523,52.16,1.12,17.37,6.12,7.61,10.47,0,2.79,0.99,1.7,62.64049539,0,35.89070461,1.4688,1255
1,1523,52.78,1.2,16.91,6.49,7.35,10.53,0,2.52,0.81,1.21,50.65,12.08,33.74,2.09,1151
1,1523,52.73,1.1,17.33,5.9,7.2,10.51,0,2.55,0.79,0,48.64,13.76,35.34,1.26,1053
1,1673,47.1,2.8,8.9,20.1,11.1,9.2,0,0.242022667,0,0,90.9553,0,9.466399214,0,1189.635
1,1673,48.14857279,2.653599214,8.9458015,18.4469025,10.94591379,9.218649857,0,0.234083,0,0,88.2944686,0,12.5346278,0,1471.84
0.0001,1672,51.5,3,9.6,12.5,11.8,10,0,0.126315143,0,0,91.05436929,0,8.672308286,0,1433
0.0001,1671,47.28725288,3.00354225,9.0767035,17.95347563,11.07424125,9.40344875,0,0.142935889,0,0,88.39208757,0,10.29871543,0,2045.16073
0.0001,1671,43.4357975,2.7169425,8.2559745,26.4872221,9.9307262,8.5363148,0,0.0155651,0,0,90.38896946,0,10.03340354,0,3718.739315
0.0001,1671,51.32268064,3.176809818,9.669579091,12.65386027,11.87203673,9.970445545,0,0.0187608,0,0,91.03806308,0,9.352747667,0,1367.124099
0.0001,1671,50.65513312,3.039635294,9.569696118,14.60129835,11.71574947,9.914246941,0,0.0122301,0,0,89.80086938,0,10.27585892,0,1582.719103
0.0001,1671,48.00210991,2.977554,9.050379636,18.223456,11.07033245,9.431305364,0,0.032611125,0,0,89.114186,0,10.053961,0,2077.497354
0.0001,1671,50.555341,3.055483375,9.441149813,15.39591075,11.57848631,9.90941975,0,0.03896975,0,0,89.58534308,0,10.84085708,0,1817.690139
0.0001,1670,49.0533092,3.0708328,9.1322385,16.8189341,11.1017652,9.5790602,0,0.0260876,0,0,85.7404258,0,14.2107305,0,2023.575584
0.0001,1678,48.3200891,2.8954546,8.9906427,18.3998608,10.9179228,9.4574223,0,0.0186281,0,0,90.22011706,0,9.799909938,0,2252.370438
1,1673,48.5076446,2.94734695,9.2267501,18.56123255,11.31708135,9.54540355,0,0.2443632,0,0,87.25944679,0,10.43636684,0.002747895,1695.858793
1,1673,49.43868385,2.86310625,9.3804766,16.2005387,11.45381555,9.74879155,0,0.260553,0,0,60.549745,0,36.56968873,2.689356727,3598.568684
1,1673,45.40744084,2.636063263,8.754803263,23.71274726,10.54658347,8.820875842,0,0.231087632,0,0,85.20253807,0,12.32730186,0,1635.581016
1,1673,46.52637747,2.782744263,9.917435684,20.21780316,10.79496089,9.208993947,0,0.262308947,0,0,64.656034,0,34.38614413,1.855089,3314.053882
1,1673,45.5803,2.7543,8.554,21.35995,11.19265,9.13235,0,0,0,0,66.729,0,30.797875,1.813625,2300.076833
0.0001,1473,44.60875,2.9692,9.06225,24.14195,8.2063,9.87175,0,0.14925,0,0,67.1,0,31.0755,1.2236,3211.005621
0.0001,1573,42.22708696,2.54673913,7.818521739,27.76152174,10.23017391,8.505956522,0,0.099826087,0,0,66.473,0,31.46723077,1.848846154,4584.103987
1.5,1673.15,44.23124,0.01375,17.70595,0.8777,17.69588,16.43505,0,0.34949,0.009034483,0,44.9051913,15.2907,39.71459565,0.089513043,4970.2
1.5,1673.15,54.83328788,0.401312121,7.782763636,5.066848485,12.92979394,15.33486364,0,0.328984848,0.105290909,0,52.0427375,11.42739688,35.9703375,0.559528125,1443.042424
1.5,1673.15,57.16220303,0,12.05313939,5.562757576,10.54899394,12.1070303,0,0,0,0,42.98469524,16.13410476,40.6629381,0.218261905,2178.921212
1.5,1673.15,58.61777576,0,11.27285758,4.575133333,11.62464848,11.98585152,0,0,0,0,31.39443103,35.99312759,32.1926931,0.419748276,618.1090909
1.5,1673.15,55.86016857,0,9.51812,4.131537143,10.77150857,15.97840571,0,0,0,0,13.40359722,58.274525,28.06307778,0.2588,325.2685714
1.5,1673.15,62.91008824,0.643729412,12.24770294,2.737514706,8.625005882,10.38014706,0,1.299038235,0.119735294,0,5.55307561,70.04000976,24.34812195,0.058792683,292.6705882
1.5,1923.15,43.31487143,0,13.55812,10.76301714,9.326817143,20.11990571,0,0,0,0,59.3694,1.631484615,37.51617692,1.482938462,5789.285714
1.5,1923.15,54.298076,0,13.181732,12.974216,4.575592,13.036272,0,0,0,0,59.02807857,2.410692857,35.90265,2.658578571,4921
1.5,1923.15,43.92933939,0,5.440654545,10.38237576,4.068112121,32.67347273,0,0,0,0,59.91389048,1.500633333,36.4727619,2.112714286,7993.484848
1.5,1923.15,55.51146765,0,0.139702941,13.24945882,0.132720588,27.05351176,0,0,0,0,59.04285185,1.88802963,37.7529963,1.316122222,8411.147059
1.5,1923.15,41.08268519,0,16.62507407,9.133777778,15.36645926,15.29309259,0,0,0,0,59.77631429,1.398214286,37.20459524,1.62087619,4563.333333
1.5,1923.15,34.72073684,0,13.82112105,8.700805263,26.87407895,14.25547368,0,0,0,0,59.59188621,2.024024138,35.77386897,2.61022069,4844.947368
1.5,1923.15,52.68655676,0,10.49474595,13.56297027,10.25322973,10.12593514,0,0,0,0,58.59054324,2.727740541,37.1209,1.560816216,4357.594595
1.5,1923.15,54.40059429,0,0.210842857,14.22862286,29.20713143,0.424394286,0,0,0,0,58.39159429,2.224117143,37.35830857,2.02598,4249.257143
1.5,1923.15,37.39015909,0,34.04380455,11.59750455,0.2106,16.64124091,0,0,0,0,59.21521667,3.153777778,35.67850556,1.9525,2941.5
1.5,1923.15,50.27158718,0,10.65175128,12.67358718,23.96581538,0.351971795,0,0,0,0,56.88524737,3.023847368,38.56175263,1.529152632,4040.846154
1.5,1923.15,36.10256786,0,25.553875,9.736439286,11.64995357,15.83212857,0,0,0,0,60.08148235,1.4709,35.79002353,2.657594118,3806.178571
1.5,1673.15,41.46032,0,16.47432,7.18504,14.98118,15.12198,0,0,0,0,57.70598333,2.934173333,37.83952,1.520323333,2402.2
1.5,1673.15,52.034325,0,15.595525,9.165425,8.9822,10.595425,0,0,0,0,61.40823,0.91914,36.28962,1.38301,2165
1.5,1673.15,52.19167975,0,15.3324481,10.04608734,8.918383544,10.97272278,0,0,0,0,61.40668684,1.559139474,35.01537368,2.0188,1644.358974
1.5,1673.15,47.51657692,0.781311538,14.89148077,9.062523077,9.991557692,11.88925769,0,1.758753846,0,0,60.78985938,0.344003125,36.94949063,1.916646875,2347.653846
1.5,1673.15,48.23358974,0,15.00043077,8.276648718,10.06265385,11.98942051,0,1.798448718,0,0,60.75977826,0.263073913,36.93026522,2.046882609,2343.102564
1.5,1673.15,60.63927027,0.562043243,16.75136757,5.474008108,3.152389189,5.984121622,0,3.74407027,1.142354054,0,56.96102963,2.61507037,38.72125185,1.702648148,884.6594595
1.5,1673.15,56.27910833,0.337395833,15.75981458,5.162339583,3.34149375,11.35160833,0,2.62298125,2.495941667,0,61.918925,0.3726875,37.07747917,0.630908333,1209.725
1.5,1673.15,54.44615652,1.389747826,13.96385217,7.097604348,5.388934783,6.743991304,0,3.310286957,3.200313043,0,59.7851,1.695605,36.37979,2.139505,744
1.5,1673.15,52.84494643,1.479617857,18.79665357,4.425367857,3.697882143,4.415635714,0,7.959528571,3.294046429,0,58.48817333,2.060356667,36.79603,2.65544,712
1.5,1673.15,57.31898235,0.016105882,14.38702941,7.053158824,10.36084118,0.663988235,0,7.580882353,0.033605882,0,57.83485789,3.3989,36.6573,2.108942105,644
1.5,1908.15,49.42256923,0.865723077,9.391858974,11.31662308,16.93627436,7.789130769,0,1.221912821,0.734012821,0,57.97779474,5.119557895,34.56845789,2.334189474,1496
2.5,2073.15,47.09335,0.0149,9.9686125,3.118375,21.3377375,18.1738375,0,0.0506375,0,0,64.6563125,0.1353875,34.2651625,1.6732,5696.125
2.5,2073.15,44.70448,0.02597,10.08005,7.59037,20.04101,16.80721,0,0.04453,0,0,63.7439,0.160366667,35.53716667,0.419388889,3357.5
2.5,2073.15,43.49182,0.01489,9.42356,10.06881,19.61193,16.76176,0,0.04567,0,0,64.7348875,0.1051875,34.1735625,1.86595,3800.888889
1.5,2073.15,47.50727,0.01915,17.02956,0.00823,12.89076,20.28257,0,0.08807,0,0,0.0701,74.1198125,21.94235,0,2003.4
1.5,2073.15,47.596875,0.02335,16.43533333,0.004558333,13.31590833,20.56485833,0.067349006,0.05445,0,0,0.048585714,70.23988571,27.53205714,0,894.4166667
1.5,2073.15,47.495225,0.045375,10.0503,3.274825,21.327075,17.6451,0,0.07625,0,0,63.12378571,0.161642857,35.5709,0.684385714,7037
1.5,2073.15,45.3299,0.028781818,9.414318182,7.241727273,20.39255455,17.20465455,0,0.081481818,0,0,64.54381111,0.170866667,34.38677778,1.446522222,4943.818182
1.5,2073.15,43.57818182,0.026590909,8.994336364,10.45214545,19.77569091,16.40474545,0,0.077063636,0,0,64.63442222,0.143711111,33.77191111,2.045655556,4733.909091
5.5,2073.15,49.72322222,0.774772222,13.40381111,7.506855556,11.16076667,12.62845556,0,2.068827778,0,0,62.28943333,0.658777778,35.32667778,0.563166667,2112.944444
5.5,2073.15,47.298445,0.02571,9.5982,3.37385,19.967335,18.154325,0,0.032445,0,0,62.67971,0.17774,36.08527,0.24532,4408.8
5.5,2073.15,47.18014211,0.010026316,10.15383684,2.1139,21.99212105,17.75776842,0,0.026468421,0,0,62.90804,0.13143,36.01864,0.02827,8792.947368
5.5,2073.15,43.70452143,0.025071429,9.587742857,8.455242857,20.33389286,16.35819286,0,0.036178571,0,0,64.70685,0.22717,33.27847,1.23622,4200.785714
5.5,2073.15,42.84361667,0.015861111,9.082,11.31163333,19.3927,15.93047778,0,0.034283333,0,0,64.83636667,0.222011111,32.76987778,1.737833333,2760.944444
1.5,2073.15,47.878,0.023706667,10.0844,0.902646667,20.62136667,18.25358,0,0.0764,0,0,6.116678571,63.74052857,28.63792143,0.051764286,1380.466667
1.5,2073.15,45.08416,0.009966667,9.95278,6.5131,19.33997333,17.17265333,0,0.067233333,0,0,3.590975,74.287815,20.91687,0,693.6
1.5,2073.15,47.76089286,0.02905,10.83210714,0.891035714,20.38950714,18.20128571,0,0.065578571,0,0,4.712155263,68.71545526,24.79394737,0.002663158,968.7142857
7,2073.15,45.77137333,0.02112,3.633066667,24.1575,9.8987,10.27888667,0,1.264726667,0,0,63.12251333,0.66258,33.93663333,2.118306667,4557.466667
24,2433.15,51.94495556,0.207922222,4.112633333,7.698333333,32.2118,1.292555556,0,0.050911111,0,0,63.79489333,0.729086667,32.64772,2.46002,514.2222222
1.5,1873,40.74413333,0,14.29613333,13.50831667,14.65557778,14.95207222,0,0.118572222,0,0,27.23456667,45.0909875,27.95158333,1.0421875,1455
1.5,1873,42.746715,0,15.04516,8.118385,15.779745,16.124615,0,0.105855,0,0,26.35761364,45.64427273,28.7762,0.63285,1264
1.5,1873,34.21938261,0,11.66343913,20.58861304,15.30026522,14.14922174,0,0.125256522,0,0,39.55625556,31.69508889,26.71685,3.398477778,3568
0.0001,1673.15,63.2,0,13.3,9.8,4,9.4,0,0,0,0,63.53,0,36.47,0,1425
0.0001,1673.15,63.7,0,13.6,9.7,4.1,9.4,0,0,0,0,63.53,0,36.47,0,1345
0.0001,1673.15,63.2,0,13.4,9.6,4,9.4,0,0,0,0,63.53,0,36.47,0,1521
0.0001,1673.15,63.7,0,13.4,8.8,4,9.5,0,0,0,0,63.53,0,36.47,0,1262
0.0001,1673.15,66.5,0,14.2,4.2,4.2,10.1,0,0,0,0,63.53,0,36.47,0,921
0.0001,1673.15,67.7,0,15,1.86,4.6,10.1,0,0,0,0,63.53,0,36.47,0,960
0.0001,1673.15,61.8,0,13.2,11.9,4,9.2,0,0,0,0,63.53,0,36.47,0,1580
0.0001,1673.15,64.9,0,13.8,7.5,4.1,9.7,0,0,0,0,63.53,0,36.47,0,1106
0.0001,1673.15,66.9,0,15.1,2.99,4.7,10.3,0,0,0,0,63.53,0,36.47,0,920
0.0001,1673.15,52.7,1.3,15.3,10.2,7.6,12.4,0,0,0,0,63.53,0,36.47,0,1964
0.0001,1673.15,52.5,1.3,15.2,10.2,7.7,12.4,0,0,0,0,63.53,0,36.47,0,1995
0.0001,1673.15,52.8,1.3,15.3,9.4,7.7,12.5,0,0,0,0,63.53,0,36.47,0,1856
0.0001,1673.15,55.5,1.4,16.1,5.2,8.1,13.3,0,0,0,0,63.53,0,36.47,0,1625
0.0001,1673.15,56.1,1.4,17.2,2.5,8.7,13.5,0,0,0,0,63.53,0,36.47,0,1883
0.0001,1673.15,53.7,1.4,15.5,8.7,7.9,12.7,0,0,0,0,63.53,0,36.47,0,1904
0.0001,1673.15,55.3,1.4,16.9,3.7,8.7,13.5,0,0,0,0,63.53,0,36.47,0,1683
0.0001,1673.15,53.9,2.3,13.9,11.7,8.6,9.3,0,0,0,0,63.53,0,36.47,0,2126
0.0001,1673.15,54,2.3,13.9,11.4,8.5,9.3,0,0,0,0,63.53,0,36.47,0,2220
0.0001,1673.15,54.2,2.3,13.9,11.3,8.6,9.4,0,0,0,0,63.53,0,36.47,0,2181
0.0001,1673.15,57.3,2.4,14.7,5.6,9,9.9,0,0,0,0,63.53,0,36.47,0,1588
0.0001,1673.15,58.6,2.5,16,2.6,9.9,10.2,0,0,0,0,63.53,0,36.47,0,1639
0.0001,1673.15,55.7,2.4,14.3,9.3,8.9,9.7,0,0,0,0,63.53,0,36.47,0,1737
0.0001,1673.15,57.6,2.4,15.7,3.9,9.8,10.2,0,0,0,0,63.53,0,36.47,0,1567
0.0001,1673.15,52.5,0,15.3,11.4,11.4,9,0,0,0,0,63.53,0,36.47,0,2126
0.0001,1673.15,52.6,0,15.4,11.1,11.5,9,0,0,0,0,63.53,0,36.47,0,2090
0.0001,1673.15,52.5,0,15.4,11.2,11.5,8.9,0,0,0,0,63.53,0,36.47,0,2131
0.0001,1673.15,53,0,15.5,11.2,11.6,9.1,0,0,0,0,63.53,0,36.47,0,2054
0.0001,1673.15,55.9,0,16.3,5.5,12,9.7,0,0,0,0,63.53,0,36.47,0,1576
0.0001,1673.15,56.9,0,17.5,2.6,13.1,9.9,0,0,0,0,63.53,0,36.47,0,1711
0.0001,1673.15,53.6,0,15.7,9.2,11.7,9.2,0,0,0,0,63.53,0,36.47,0,1785
0.0001,1673.15,55.9,0,17.4,3.7,12.8,9.9,0,0,0,0,63.53,0,36.47,0,1528
0.0001,1673.15,60,0,11.2,10.1,12.4,6.3,0,0,0,0,63.53,0,36.47,0,1480
0.0001,1673.15,59.7,0,11.1,9.9,12.2,6.2,0,0,0,0,63.53,0,36.47,0,1477
0.0001,1673.15,60.4,0,11.2,9.7,12.4,6.3,0,0,0,0,63.53,0,36.47,0,1417
0.0001,1673.15,62.9,0,11.6,5.7,12.7,6.6,0,0,0,0,63.53,0,36.47,0,1374
0.0001,1673.15,64,0,12.6,2.7,13.8,6.8,0,0,0,0,63.53,0,36.47,0,1433
0.0001,1673.15,60.4,0,11.2,9.6,12.4,6.3,0,0,0,0,63.53,0,36.47,0,1552
0.0001,1673.15,63,0,12.4,3.9,13.5,6.7,0,0,0,0,63.53,0,36.47,0,1306
0.0001,1673.15,41.5,14.2,8.5,13.5,10.7,11.2,0,0,0,0,63.53,0,36.47,0,4900
0.0001,1673.15,41.7,14.1,8.5,13.4,10.8,11.2,0,0,0,0,63.53,0,36.47,0,4960
0.0001,1673.15,41.6,14.1,8.5,13.5,10.7,11.2,0,0,0,0,63.53,0,36.47,0,5027
0.0001,1673.15,41.8,14.2,8.4,13.2,10.7,11.3,0,0,0,0,63.53,0,36.47,0,4787
0.0001,1673.15,44.5,15.1,9.1,6.8,11.3,12,0,0,0,0,63.53,0,36.47,0,3999
0.0001,1673.15,45.5,15.3,9.9,3.5,12.4,12.4,0,0,0,0,63.53,0,36.47,0,4637
0.0001,1673.15,40.9,13.8,8.3,14.5,10.6,11,0,0,0,0,63.53,0,36.47,0,4665
0.0001,1673.15,42.6,14.5,8.8,10.8,11,11.5,0,0,0,0,63.53,0,36.47,0,4226
0.0001,1673.15,44.7,15.3,9.8,4.7,12.3,12.4,0,0,0,0,63.53,0,36.47,0,4012
0.5,1673.15,52,2.13,17.68,8.4,7.3,10.18,0,1.34,0.97,0,63.53,0,36.47,0,1640
1.5,1673.15,51.8,2.5,17.7,8.6,7.3,9.94,0,1.22,0.9,0,63.53,0,36.47,0,1220
0.5,1673.15,50.42,1.8,16.92,9.95,7.06,9.66,0,2.45,0.79,0,63.53,0,36.47,0,1725
1.5,1673.15,47.62,1.76,17.88,10.17,6.73,9.52,0,2.71,0.85,0,63.53,0,36.47,0,1380
0.5,1773.15,50.79,1.81,16.5,8.68,6.84,8.86,0,2.1,0.68,0,63.53,0,36.47,0,1800
1.5,1773.15,51.34,1.57,17.62,9.8,7.44,9.29,0,2.93,0.8,0,63.53,0,36.47,0,1570
2.5,1773.15,49.55,0.67,17.21,8.16,7.76,10.55,0,2.64,0.72,0,63.53,0,36.47,0,880
0.5,2073.15,50.22,1.72,17.07,10.71,7.25,9.33,0,2.64,0.8,0,63.53,0,36.47,0,2955
4,2073.15,50.58,1.71,17.04,10.88,7.56,9.16,0,2.92,0.75,0,63.53,0,36.47,0,1855
9,2073.15,49.35,1.66,16.6,6.27,10.39,10.68,0,2.23,0.6,0,63.53,0,36.47,0,615
3.5,2073.15,50.91,1.65,17.23,9.31,7.58,10.15,0,2.09,0.56,0,63.53,0,36.47,0,1875
5.5,2073.15,50.2,1.6,17.21,10.22,7.4,10.11,0,1.9,0.9,0,63.53,0,36.47,0,1335
0.5,1773.15,47.66,1.77,10.74,12.2,16.87,8.51,0,1.79,0.34,0,63.53,0,36.47,0,4010
1.5,1773.15,47.34,1.78,9.48,15.56,15.68,8.45,0,1.5,0.33,0,63.53,0,36.47,0,3125
1.5,1773.15,48.55,1.64,10.47,11.47,17.01,8.35,0,1.51,0.34,0,63.53,0,36.47,0,2750
1,2073.15,47.07,0.9,9.92,15.49,15.18,8.83,0,1.89,0.37,0,63.53,0,36.47,0,3370
4,2073.15,48.88,0.71,10.54,11.57,16.31,9.76,0,1.71,0.39,0,63.53,0,36.47,0,1650
1,1703,59.3,0.82,15.9,8.24,1.96,5.58,0,4.07,1.96,0,63.5,0.329,34.3,1.77,1070
1,1673,60.5,0.79,16.2,7.94,1.97,5.57,0,4.21,2.01,0,63.53,0,36.47,0,1002
1,1623,59.9,0.75,16.2,8.43,2.02,5.7,0,4.17,1.96,0,63.2,0.21,35.1,0.87,1055
1,1598,60.2,0.8,16,7.83,1.92,5.59,0,4.19,2.02,0,63.1,0.978,35.1,1.26,828
1,1573,60,0.83,15.9,8.06,2.02,5.63,0,4.06,2,0,63.1,0.627,34.2,2.22,768
0.5,1523,59.6,0.85,16,8.4,1.94,5.44,0,3.93,2,0,63.53,0,36.47,0,726
0.5,1523,60.6,0.8,16.3,8.23,2.01,5.73,0,4,1.99,0,63.53,0,36.47,0,673
1,1523,60.3,0.76,16,8.01,1.95,5.58,0,4.13,2,0,62.3,0.506,35.1,2.33,739
1,1523,59.7,0.8,15.9,8.25,1.97,5.6,0,4.05,2.01,0,63.53,0,36.47,0,700
1,1523,60.1,0.8,16,8.3,1.98,5.69,0,4.08,2.01,0,63.53,0,36.47,0,737
1,1523,60,0.78,16.1,8.24,1.98,5.43,0,4.13,1.95,0,63.53,0,36.47,0,834
1,1423,58.2,0.8,16,9.14,2.1,5.94,0,4.03,1.89,0,63.53,0,36.47,0,577
1,1523,58.9,0.79,15.9,7.71,1.96,5.57,0,3.95,1.96,3.5,63.53,0,36.47,0,723
1,1423,58.5,0.82,15.9,9.02,2.14,5.8,0,3.13,1.87,2.9,63.53,0,36.47,0,506
1,1423,59.4,0.92,14.4,9.5,2.23,5.14,0,3.76,2.24,2.8,63.53,0,36.47,0,534
1,1723,63.6,0.52,17.8,4.68,1.77,5.45,0,5.84,1.75,0,63.53,0,36.47,0,786
1,1673,63.7,0.52,17.6,4.77,1.7,5.36,0,4.45,1.78,0,63.53,0,36.47,0,697
1,1623,62.1,0.52,17.8,4.59,1.7,5.34,0,5.91,1.8,0,63.53,0,36.47,0,546
1,1573,63.2,0.54,17.8,4.95,1.77,5.44,0,5.17,1.78,0,63.53,0,36.47,0,438
1,1523,64.1,0.61,16.4,5.19,2,4.78,0,4.45,1.98,0,63.53,0,36.47,0,482
1,1523,63.4,0.52,17.7,4.59,1.79,5.46,0,4.43,1.75,0,63.53,0,36.47,0,466
1,1523,62.8,0.52,17.5,4.83,1.71,5.32,0,4.13,1.74,6.4,63.53,0,36.47,0,419
1,1523,63.8,0.54,17.8,4.68,1.63,5.22,0,4.29,1.82,8.5,63.53,0,36.47,0,316
1,1703,47.5,1.7,16.7,9.96,6.18,10.7,0,3.27,1.81,0,63.53,0,36.47,0,2247
1,1673,47.4,1.71,16.6,10.2,6.52,10.8,0,3.3,1.77,0,63.53,0,36.47,0,2520
1,1623,48.2,1.65,16.9,9.81,6.32,10.8,0,3.34,1.82,0,62.3,0.668,35,1.36,1545
1,1573,47.9,1.68,16.6,9.48,6.33,10.9,0,3.29,1.83,0,62.3,0.243,34.9,2.27,1489
1,1523,48.5,1.65,16.7,9.24,6.31,10.8,0,3.36,1.85,0,62.7,0.405,34.8,2.51,1417
0.5,1523,49.4,1.69,17,8.4,6.41,10.9,0,3.38,1.78,0,63.53,0,36.47,0,1386
1,1523,48,1.65,16.8,10,6.25,10.7,0,3.31,1.82,0,63.53,0,36.47,0,1378
1,1523,47.7,1.64,16.8,9.63,6.24,10.5,0,3.32,1.8,0,63.53,0,36.47,0,1378
1,1423,47.7,1.73,17.4,12.1,4.55,7.65,0,4,2.74,0,63.53,0,36.47,0,452
1,1523,47.3,1.64,16.7,9.75,6.01,10.4,0,3.29,1.84,2.8,63.53,0,36.47,0,1231
1,1523,48,1.71,16.9,8.96,6,10.6,0,3.3,1.85,4,63.53,0,36.47,0,663
1,1673,53.1,1.05,18.9,8.77,3.43,7.9,0,3.98,0.97,0,61.7,0.485,34.4,1.77,1968
1,1723,75.7,0.1,13.1,0.79,0.07,0.57,0,5.27,4.73,0,63.53,0,36.47,0,499
1,1673,76.1,0.11,13,0.78,0.07,0.57,0,4,4.68,0,63.53,0,36.47,0,323
1,1623,76.3,0.11,13.2,0.76,0.07,0.56,0,5.32,4.72,0,63.53,0,36.47,0,186
1,1573,77.9,0.11,13,0.71,0.08,0.59,0,3.81,4.61,0,63.53,0,36.47,0,182
1,1523,75.6,0.11,13,0.73,0.07,0.57,0,4.19,4.74,0,63.53,0,36.47,0,172
1,1523,75.5,0.12,12.9,0.73,0.08,0.55,0,4.23,4.62,0,63.53,0,36.47,0,144
1,1523,75.6,0.11,13,0.7,0.07,0.56,0,4.17,4.71,0,63.53,0,36.47,0,155
1,1423,76.6,0.1,12.7,0.87,0.07,0.54,0,3.66,4.67,0,63.53,0,36.47,0,96
1,1423,77.2,0.11,12.9,0.88,0.07,0.53,0,3.83,4.7,0,63.53,0,36.47,0,80
1,1523,72.9,0.1,12.4,1.02,0.07,0.54,0,3.37,4.54,2.9,63.53,0,36.47,0,326
1,1523,73.6,0.1,12.5,0.78,0.07,0.54,0,3.49,4.55,6.1,63.53,0,36.47,0,373
1,1723,46.7,1.64,16.3,12.8,6.13,10.3,0,3.07,1.72,0,63.53,0,36.47,0,2030
1,1673,47,1.6,16.4,12.2,6.05,10.1,0,3.15,1.73,0,63.53,0,36.47,0,2266
1,1623,48,1.66,16.6,10.2,6.21,10.4,0,3.1,1.78,0,63.53,0,36.47,0,1539
1,1523,46.1,1.58,16.2,14.3,5.95,9.97,0,3.05,1.73,0,63.53,0,36.47,0,1786
1,1723,48.6,1.66,16.8,9.43,6.17,10.3,0,3.21,1.8,0,63.53,0,36.47,0,2385
1,1673,44.1,1.53,15.5,16.2,5.76,9.63,0,3.04,1.67,0,63.53,0,36.47,0,3045
1,1623,43.6,1.53,15.3,16.6,5.72,10.2,0,3.05,1.66,0,63.53,0,36.47,0,2951
1,1573,45.7,1.61,16,12.4,6.02,10.8,0,3.14,1.69,0,63.53,0,36.47,0,2253
1,1523,43.8,1.51,15.4,16.3,5.74,10.3,0,3.04,1.6,0,63.53,0,36.47,0,1994
1,1723,52.9,1.31,16.2,4.4,9.72,12,0,2.52,0.1,0,63.53,0,36.47,0,1770
1,1673,50.6,1.27,15.5,8.37,9.33,11.4,0,2.47,0,0,63.53,0,36.47,0,1752
1,1623,50.4,1.24,15.4,9.14,9.12,11.2,0,2.49,0,0,63.53,0,36.47,0,1778
1,1523,50,1.28,16.1,9.9,8.48,11,0,2.59,0,0,63.53,0,36.47,0,1214
1,1723.15,53,0.338,10.8,7.78,17.9,10.1,0.274,0.039,0.043,0,62.2,0.76,35.7,0,1730
1,1723.15,50.4,0.271,8.36,12.3,19.8,7.97,0.308,0.003,0.031,0,62.7,0.59,35.2,0,2300
1,1723.15,50.8,0.274,8.77,12.8,17.9,8.51,0.207,0.057,0.033,0,63.3,0.82,34.6,0,2230
1,1723.15,50.3,0.357,11.1,9.86,16.8,10.4,0.107,0.269,0.051,0,61.2,0.93,36.7,0,1990
1,1723.15,49.7,0.397,12.1,8.76,16.5,11.8,0.091,0.292,0.052,0,60.9,0.92,36.8,0,1910
1,1723.15,50.8,0.329,10.5,9.23,18.4,10.2,0.118,0.229,0.045,0,61.1,1.88,35.7,0,2030
0.9,1773.15,51,0.367,10.1,17.2,10.5,8.99,0.132,0.156,0.035,0,58.8,6.51,34,0,3320
1,1773.15,50,0.247,8.55,12.8,20.7,7.09,0.168,0.186,0.041,0,62,0.74,36.3,0,2910
1,1773.15,50.6,0.28,9.3,10.6,19.9,8.09,0.162,0.205,0.047,0,60.1,1.01,39.4,0,3270
1.4,1773.15,49.2,0.286,9.77,14,17.8,8.16,0.171,0.088,0.036,0,64.4,1.37,32.7,0,2390
2,1773.15,47,0.557,14.2,12.5,9.65,13.9,0.138,0.306,0.1,0,62,0.49,35.8,0,2150
2,1773.15,47.1,0.497,14.5,9.87,12.6,13.3,0.125,0.241,0.075,0,59.5,1.15,38.6,0,1940
2.4,1773.15,50,0.209,9.66,5.92,22.6,10.8,0.293,0.236,0.004,0,62.3,0.37,36.7,0,1610
2.5,1773.15,50.8,0.126,6.95,8.93,22.2,10,0.287,0.049,0,0,61.9,0.93,35.3,0,2060
2.7,1773.15,47.7,0.211,14.6,6.11,22.4,8.47,0.416,0.135,0,0,61.5,0.43,37.5,0,1740
1,1623.15,44.7,0,16.2,11.9,8.08,16.8,0.033,0,0,0,60.7,1.56,36.8,0,1690
1,1673.15,44.8,0,17.8,11.9,6.25,17.6,0.018,0,0,0,59.6,2.22,36.3,0,1810
1,1723.15,47,0,10.6,8.63,16.4,16.7,0,0,0,0,57.3,5.81,34.5,0,2050
1,1798.15,46.4,0,10.1,9.27,19.7,14,0.015,0,0,0,54.7,9.04,34,0,2660
1,1873.15,47.8,0,11.1,11.2,11.8,17.1,0.031,0,0,0,61.3,0.88,35.8,0,2960
1,1873.15,42.2,0,13.4,12.6,22.1,8.72,0.011,0,0,0,58.5,3.79,36.9,0,2870
1,1723.15,46.3,0,12,7.06,17.2,16.5,0,0,0,0,59.7,1.46,36.5,0,2170
1,1723.15,51.7,0.562,13.5,7.93,13.8,8.15,0.015,3.17,0.765,0,60.8,0.41,36.2,0,1500
1,1723.15,50.8,2.12,7.79,8.37,14.5,4.16,0.051,0.729,8.39,0,60.4,2.48,35.4,0,2130
1.5,1473.15,51.54,1.92,15.46,11.71,4.57,7.99,0,2.98,0,0,46.06,19.75,34.01,0,768
1.5,1523.15,50.79,1.79,14.67,10.75,6.19,8.83,0,2.66,0,0,50.12,14.61,34.29,0,912
1.5,1473.15,54.59,1.91,15.24,3.91,6.35,8.49,0,1.88,0,0,41.08,23.22,35.17,0,726
0.0001,1473.15,45.64,5.26,8.56,15.85,8.93,11.72,0,1.46,0.68,0,62.71,1.96,32.21,2.38,2932
0.0001,1473.15,48.43,5.56,8.75,11.78,9.19,11.96,0,1.59,0.93,0,61.94,2.02,33.05,1.85,2267
0.0001,1473.15,51.67,6.09,9.57,5.89,9.76,12.15,0,1.79,1.13,0,59.82,1.85,36.83,0,1284
0.0001,1473.15,47.51,5.56,8.89,11.27,9.51,12.09,0,1.78,1.07,0,61.46,1.95,33.4,2.14,2104
0.0001,1473.15,50.86,6.33,10.39,4.76,11.02,12.77,0,1.09,0.58,0,59.12,1.52,38.14,0,1256
0.0001,1473.15,42.63,5.31,8.58,18.61,7.61,11.89,0,1.49,0.77,0,63.28,1.63,30.85,3.82,3798
0.0001,1473.15,40.72,4.92,8.19,21.97,8.01,11.09,0,1.58,0.89,0,63.48,1.46,29.05,6.39,4605
0.0001,1473.15,50.37,5.59,9.34,8.18,9.82,12.03,0,1.49,0.99,0,60.32,1.99,36.69,0,1615
0.0001,1473.15,46.49,5.39,8.57,13.79,8.74,11.91,0,1.63,1.01,0,61.93,2.05,32.34,2.07,2716
0.0001,1473.15,39.97,4.84,8.02,23.42,7.61,10.93,0,1.78,0.94,0,48.79,15.57,32.19,2.88,5136
0.0002,1473.15,44.68,5.09,8.48,17.84,8.94,11.34,0,1.49,0.77,0,62.27,1.74,30.7,4.54,3349
0.0002,1473.15,49.56,5.69,8.74,9.97,9.73,11.99,0,1.79,1.06,0,47.49,16.14,34.79,0,1778
1,1523,49.9,1.38,16.6,10.5,7.8,10.8,0,2.71,0.12,0.9,63.53,0,36.47,0,1180
1,1523,49.8,1.31,15.8,10.1,8.6,11.2,0,2.48,0.09,0.7,63.53,0,36.47,0,1246
1,1523,50.2,1.26,15.4,9,9.1,11.5,0,2.39,0.1,2.6,63.53,0,36.47,0,1248
1,1523,49.6,1.33,14.9,8.1,8.6,11.3,0,2.2,0.09,5.9,63.53,0,36.47,0,1765
1,1523,48.9,1.31,14,9.6,8.8,11.3,0,2.32,0.09,2.8,63.53,0,36.47,0,1409
1,1523,49.7,1.41,16.1,10.3,7.8,10.8,0,2.65,0.1,0,63.53,0,36.47,0,1218
1,1523,59.1,0.8,15.9,8.5,1.97,5.67,0,4.06,1.97,0,63.53,0,36.47,0,707
1,1523,58.9,0.8,15.6,7.9,1.92,5.54,0,3.97,1.97,4.4,63.53,0,36.47,0,776
1,1523,59,0.79,15.6,7.8,1.93,5.54,0,3.91,1.94,2.1,63.53,0,36.47,0,615
1,1523,58.5,0.78,15.4,7.7,1.9,5.41,0,3.74,1.92,4.1,63.53,0,36.47,0,1094
1,1523,58.3,0.82,15.4,7.7,1.88,5.4,0,3.65,1.87,4.6,63.53,0,36.47,0,1167
1,1523,58,0.79,15.3,7.7,1.88,5.4,0,3.52,1.73,7.3,63.53,0,36.47,0,1265
1,1523,75.7,0.12,12.9,0.67,0,0.56,0,4,4.72,0,63.53,0,36.47,0,181
1,1523,75.3,0.11,12.9,0.67,0,0.54,0,3.85,4.61,0,63.53,0,36.47,0,222
1,1523,75,0.11,12.8,0.85,0,0.55,0,3.83,4.58,0,63.53,0,36.47,0,181
1,1523,75.7,0.12,13,0.59,0,0.55,0,3.99,4.75,0,63.53,0,36.47,0,143
1,1523,73.9,0.1,12.6,0.81,0,0.54,0,3.57,4.35,3.4,63.53,0,36.47,0,480
1,1523,72.6,0.1,12.3,0.97,0,0.55,0,3.37,4.02,4.2,63.53,0,36.47,0,595
1.6,1628.15,47.4,0.73,18.1,8.6,11.2,11,0.03,2.4,0,0,63.53,0,36.47,0,1400
1.6,1628.15,47.9,0.68,18.2,7,12.1,11.4,0.05,2.3,0,0,63.53,0,36.47,0,1300
1.6,1628.15,47.7,0.72,18.2,8.2,11.4,11.1,0.04,2.4,0,0,63.53,0,36.47,0,1400
1.6,1628.15,47.9,0.74,18.3,7.9,11.5,11.4,0.05,2.4,0,0,63.53,0,36.47,0,1400
1.6,1628.15,47.5,0.72,18,8.3,11.5,10.9,0.04,2.4,0,0,63.53,0,36.47,0,1500
1.6,1628.15,47.1,0.68,17.8,8.2,12.6,10.7,0.08,2.1,0,0,63.53,0,36.47,0,1800
1.6,1628.15,47.6,0.69,17.9,7.8,12.6,11,0.06,2.2,0,0,63.53,0,36.47,0,1600
1.6,1628.15,47.7,0.72,18.5,8.2,10.9,11.3,0.02,2.5,0,0,63.53,0,36.47,0,1400
1.1,1588.15,49,0.67,18.3,4.9,11.9,12.1,0.06,2.6,0,0,63.53,0,36.47,0,1100
1.2,1588.15,48,0.61,18.4,5.1,12.6,11.5,0.09,1.78,0,0,63.53,0,36.47,0,1500
1,1573.15,47.1,0.7,17.7,8.7,11.9,10.8,0.07,2.21,0,0,63.53,0,36.47,0,1600
1,1573.15,50.1,0.71,17.4,5.2,11.6,11.9,0.11,2.6,0,0,63.53,0,36.47,0,1100
1,1573.15,50.1,0.73,18,5.3,11.1,11.6,0.12,2.52,0,0,63.53,0,36.47,0,1100
0.0001,1518.15,51.4,0.66,17.13,7.47,8.86,10.75,0,2.1,0.13,0,13.29,63.41,22.51,0.007518588,182
0.0001,1518.15,51.98,0.71,17.99,6.39,8.65,11.1,0,1.88,0.15,0,13.85,61.46,24.56,0.00281947,163
0.0001,1518.15,52.02,0.7,17.49,7.44,10.17,10.86,0,1.96,0.13,0,9.02,68.3,22.48,0.011277882,151
0.0001,1518.15,51.72,0.69,17.35,7.96,8.36,10.93,0,1.97,0.14,0,2.16,77.48,20.36,0.00281947,90
0.0001,1518.15,53.05,0.69,16.94,7.97,9.81,9.95,0,1.09,0.11,0,8.58,69.32,22.1,0.00281947,134
0.0001,1518.15,50.48,0.63,16.88,6.68,10.82,10.46,0,1.9,0.12,0,8.5,68.57,22.42,0.000939823,180
0.0001,1518.15,51.83,0.72,17.03,7.32,9.02,11.32,0,2.14,0.14,0,5.15,72.5,22.67,0.011277882,121
0.0001,1518.15,51.54,0.62,17.16,7.37,9.05,11.25,0,2.13,0.13,0,6.14,72.58,21.28,0.011277882,112
0.0001,1518.15,51.86,0.74,18.11,6.04,8.96,11.56,0,2.2,0.14,0,4.81,74.24,20.94,0.004699117,136
0.0001,1518.15,52.26,0.59,16.84,7.42,8.82,10.3,0,1.95,0.12,0,9.21,67.48,22.21,0.009398235,194
0.0001,1518.15,52.26,0.59,16.84,7.42,8.82,10.3,0,1.95,0.12,0,9.91,67.5,22.42,0.001879647,170
0.0001,1518.15,51.59,0.62,15.78,8.28,11.1,10.04,0,1.35,0.13,0,11.47,63.56,24.97,0.004699117,271
0.0001,1518.15,51.64,0.62,16.27,7.94,11.07,10.31,0,1.77,0.15,0,11.89,64.9,23.06,0.00281947,267
0.0001,1518.15,51.67,0.62,16.25,7.7,11.18,10.31,0,1.7,0.16,0,16.3,58.66,24.81,0.00281947,350
0.0001,1518.15,54.4,0.65,16.9,4.69,12.03,10.57,0,1.03,0.11,0,57.86,9.05,30.06,0.00281947,592
0.0001,1518.15,54.86,0.61,15.43,5.71,11.92,9.36,0,1.28,0.09,0,37.06,32.2,28.3,0.00281947,288
0.0001,1518.15,52.47,0.63,16.63,6.92,11.27,10.41,0,1.39,0.13,0,36.06,34.63,27.19,0.00281947,460
0.0001,1518.15,51.94,0.67,16.93,7.44,10.65,10.49,0,1.62,0.13,0,26.92,43.29,28.91,0.004699117,477
0.0001,1518.15,51.49,0.68,16.7,8.11,10.45,10.44,0,1.37,0.1,0,23.29,48.86,25.56,0.001879647,426
0.0001,1518.15,51.75,0.65,16.2,7.15,11.15,10.36,0,1.65,0.13,0,18.36,54.81,26.05,0.001879647,365
0.0001,1518.15,51.76,0.65,16.86,7.81,10.79,10.42,0,1.5,0.12,0,26.19,44.93,27.45,0.001879647,589
0.0001,1518.15,51.94,0.69,17.13,7.9,10.54,10.44,0,1.46,0.11,0,26.5,44.64,28.86,0.001879647,477
0.0001,1623.15,69.9,0,11.3,9.1,13.5,2.5,0.13,2.4,0,0,13.3,58.6,28.8,0,310
0.0001,1623.15,61.6,0,11.7,7.9,13.2,2.34,0.116,3.2,0,0,14.9,56.3,29.6,0,280
0.0001,1623.15,60.8,0,11.5,8.6,14.6,2.32,0.091,2.5,0,0,21.9,46.5,31.3,0,410
0.0001,1623.15,59.5,0,13.2,8.2,14.4,2.62,0.04,2.76,0,0,42.2,24,34.7,0,470
0.0001,1623.15,59.6,0,14.9,6.8,13.6,3.1,0.017,2.61,0,0,43.9,21.8,33.9,0,600
0.0001,1623.15,59.1,0,16.5,3.2,16,3.2,0.007,2.3,0,0,50.7,11.2,38.3,0,800
0.0001,1624.15,51.4,0.38,10.9,11.2,15.2,10,0.332,0.23,0.06,0,19.9,51.2,30,0,650
0.0001,1625.15,51.5,0.35,10.53,11.2,17.19,9.33,0.467,0.12,0.02,0,20.9,48.1,31.7,0,810
0.0001,1626.15,51.5,0.34,10.47,9.4,17.65,9.32,0.554,0.08,0.01,0,36.7,26,36.6,0,1310
0.0001,1627.15,53.6,0.35,11,6.8,18.4,9.84,0.281,0.11,0.01,0,44.6,17.3,36.8,0,1400
0.0001,1636.15,50,0.346,10.6,11.4,16.6,9.37,0.416,0.14,0.03,0,14,56.4,30.4,0,620
0.0001,1637.15,49.6,0.347,10.64,11.9,17.2,8.81,0.345,0.15,0.02,0,25.9,41.1,33.3,0,1010
0.0001,1638.15,51.3,0.356,10.7,9.9,17.9,9.17,0.274,0.06,0.01,0,39.9,24.8,35.9,0,1450
0.0001,1639.15,55,0.367,11.15,3.87,18.64,9.9,0.168,0.09,0.02,0,47.5,17.7,34.4,0,1530
0.0001,1574.15,48.8,0,17.4,5.18,10.1,18.7,0,0,0,0,6.12,70.7,22.8,0,160
0.0001,1576.15,51,0,16.3,2.54,11.1,19.3,0,0,0,0,5.25,73.3,22.6,0,360
0.0001,1573.15,47.5,0,16.5,5.3,9.85,18.5,0,0,0,0,4.3,74.6,22.2,0,320
0.0001,1576.15,48.8,0,17.1,3.42,10.1,19,0,0,0,0,5.42,71.9,21.8,0,240
1,1873.15,48.5,0.36,6.1,14.3,20.9,6.9,0,0.54,0.04,0,61.15,0,33.26,0,5540
1.5,1873.15,47.7,0.37,5.8,15.5,21,6.5,0,0.5,0.03,0,61.9,0,33.9,0,5220
2,1873.15,47.8,0.35,6.3,14.7,21.2,6.8,0,0.61,0.04,0,61.2,0,33.4,0,4380
1,1873.15,50.9,0.4,6.02,15,18.4,6.96,0,0.47,0.05,0,62,0,36,0,4800
1.5,1873.15,49.5,0.38,6.2,13.4,20.6,7.5,0,0.45,0.03,0,62.1,0,36,0,4100
2,1873.15,49.8,0.52,5.8,17,19.6,6.6,0,0.53,0.03,0,62.8,0,35,0,3800
2.5,1873.15,48.9,0.47,7.1,17.1,17.2,7.63,0,0.6,0.05,0,62.8,0,34.9,0,3500
1,1873.15,46.5,0.65,10,16.4,9.23,12.9,0,1.78,0.17,0,62.1,0,35,0,5000
1,1873.15,47.5,0.63,9.9,12.1,11,15.6,0,1.78,0.18,0,62.5,0,37,0,4700
1.5,1873.15,45.6,0.5,10.9,17,9.3,13,0,1.65,0.15,0,62,0,36,0,4800
2,1873.15,45.3,0.51,10.59,16.4,9.6,13.5,0,1.69,0.16,0,61.7,0,36,0,4200
2.5,1873.15,45.9,0.49,10.6,15.8,9.9,13.89,0,1.64,0.16,0,61.9,0,36,0,3700
3,1873.15,45.6,0.47,11.4,15.7,10.7,14.79,0,1.63,0.16,0,62,0,35,0,3000
5,1873.15,45.6,0.55,11.3,14.4,11.5,14.1,0,1.44,0.18,0,63.1,0,33.9,0,2800
5,1923.15,44.8,0.48,10.3,13.5,12.4,14.6,0,1.4,0.13,0,63.7,0,33.6,0,3400
2,1773.15,45.8,0.55,11.3,16.5,9.9,13.71,0,1.67,0.16,0,62.1,0,35,0,3300
2,1823.15,47.28,0.6,9.68,17.4,9.07,13.04,0,1.71,0.16,0,62,0,35,0,3600
2,1923.15,46,0.63,10.7,17.7,9.5,13.4,0,1.7,0.17,0,62.4,0,35,0,4600
2,1973.15,46.67,0.53,10.77,17.3,9.58,13.55,0,1.62,0.16,0,62.5,0,33,0,4800
1,1873.15,49.02,0.63,8.3,15.7,9.92,13.35,0,1.87,0.15,0,63.3,0,34,0,4700
1.5,1873.15,48.68,0.59,8.65,16.43,9.88,13.31,0,1.21,0.15,0,62.2,0,35.6,0,4900
2,1873.15,48,0.55,8,14.96,10.73,13.22,0,1.42,0.16,0,63,0,35,0,4300
2.5,1873.15,48.6,0.64,9.6,16.4,9,12.7,0,1.36,0.16,0,61.1,0,35,0,4100
3,1873.15,49.1,0.6,9.7,16.6,8.7,12.3,0,1.4,0.21,0,61.5,0,35.7,0,4100
1.25,1693.15,60.78,0.83,17.38,3.445571044,3.19,6.09,0,4.16,1.2,0.44,63.86109726,0,36.13890274,0.26,1400
2,1613.15,60.78,0.83,17.38,5.395571044,3.19,6.09,0,4.16,1.2,0.44,63.53,0,36.47,0,500
2,1653.15,60.78,0.83,17.38,5.395571044,3.19,6.09,0,4.16,1.2,0.44,63.53,0,36.47,0,700
2,1693.15,60.78,0.83,17.38,5.395571044,3.19,6.09,0,4.16,1.2,0.44,63.53,0,36.47,0,900
2,1733.15,60.78,0.83,17.38,5.395571044,3.19,6.09,0,4.16,1.2,0.44,63.53,0,36.47,0,1200
3,1693.15,60.78,0.83,17.38,4.985571044,3.19,6.09,0,4.16,1.2,0.44,63.42861866,0,36.57138134,0,500
1.25,1693.15,54.38,1.19,14.71,7.61,4.58,8.01,0,2.67,1.14,0,64.3856253,0,35.6143747,0.66,1900
2,1573.15,54.38,1.19,14.71,11.11,4.58,8.01,0,2.67,1.14,0,63.53,0,36.47,0,900
2,1653.15,54.38,1.19,14.71,11.11,4.58,8.01,0,2.67,1.14,0,63.53,0,36.47,0,1400
2,1693.15,54.38,1.19,14.71,11.11,4.58,8.01,0,2.67,1.14,0,63.53,0,36.47,0,1500
2,1733.15,54.38,1.19,14.71,11.11,4.58,8.01,0,2.67,1.14,0,63.53,0,36.47,0,1700
3,1693.15,54.38,1.19,14.71,8.62,4.58,8.01,0,2.67,1.14,0,64.04246132,0,35.95753868,0.4,1100
1.25,1693.15,45.93,3.73,11.67,10.87322252,4.23,8.81,0,2.4,1.28,1.03,65.17164263,0,34.82835737,1.25,2600
2,1613.15,45.93,3.73,11.67,17.01322252,4.23,8.81,0,2.4,1.28,1.03,63.53,0,36.47,0,1700
2,1653.15,45.93,3.73,11.67,17.01322252,4.23,8.81,0,2.4,1.28,1.03,63.53,0,36.47,0,1900
2,1693.15,45.93,3.73,11.67,17.01322252,4.23,8.81,0,2.4,1.28,1.03,63.53,0,36.47,0,2200
2,1733.15,45.93,3.73,11.67,17.01322252,4.23,8.81,0,2.4,1.28,1.03,63.53,0,36.47,0,2500
3,1693.15,45.93,3.73,11.67,13.39322252,4.23,8.81,0,2.4,1.28,1.03,64.58428955,0,35.41571045,0.81,1800
0.8,1723.15,49.48,0.77,17.04,8.18,11.39,11.98,0.00534489,2.12,0.13,0,58.35,4.81,34.5,1.96,1601
0.8,1723.15,52.11,0.82,18.27,2.82,12.11,12.68,0.001527111,2.14,0.08,0,56.88,4.27,37.08,1.78,1642
0.8,1723.15,50.92,0.86,17.75,5.07,11.26,12.13,0.007381038,2.27,0.13,0,51.12,11.62,35.29,1.07,1300
0.8,1723.15,48.77,0.77,17.02,6.93,10.4,11.82,0.012725928,2.45,0.1,0,50.98,13.72,34.27,1.28,1310
0.8,1723.15,55.88,1.63,18.69,0.98,9.98,10.61,0.003945038,1.87,0.53,0,43.83,18.71,37.23,0.14,1466
0.8,1723.15,56.99,1.4,18.38,1.95,8.7,9.79,0.006999261,2.09,0.49,0,44.39,18.87,35.79,0.53,1309
0.8,1723.15,53.18,1.36,17.76,8.25,8.73,9.3,0.011962373,1.78,0.45,0,50.18,13.36,33.53,1.07,1049
0.8,1723.15,56.18,1.62,19.22,2.37,9.04,10.1,0.005599408,1.98,0.53,0,46.86,17.07,35.73,0.14,1180
0.8,1723.15,48.2,0.83,16.14,9.18,10.45,11.98,0.014889336,2.07,0.1,0,51.74,12.2,33.95,1.86,1789
0.8,1723.15,54.22,1.55,18.26,2.86,9.05,10.1,0.005599408,2.72,0.64,0,51.59,12.17,34.57,0.36,1622
1.5,1673.15,56.19,0,20.5,3.15,6.66,11.48,0,0,0,0,60.97,0.23,36.85,0.92,1100
1.5,1673.15,57.69,0,20.4,1.12,6.53,13.02,0,0,0,0,62.15,0.35,36,0.36,1800
1.5,1673.15,59.63,0,20.21,0.56,6.5,10.97,0,0,0,0,62.34,0.29,36.86,0.21,3400
1.5,1673.15,48.14,0,18.17,16.36,5.61,9.39,0,0,0,0,62.52,0.32,33.24,3.06,2400
1.5,1923.15,53.28,0,21.64,1.98,8.13,12.02,0,0,0,0,61.66,0.37,36.68,0.37,4200
1.5,1773.15,48.86,0,16.58,0.61,15.99,15.14,0,0,0,0,63.37,1.09,33.89,0.24,7900
1.5,1773.15,41.12,0,15.95,7.51,15.51,14.91,0,0,0,0,60.5,1.16,35.46,1.98,2500
1.5,1773.15,39.28,0,15,11.59,15.05,14.12,0,0,0,0,61.26,1.13,33.4,3.18,2400
1.5,1673.15,50.5541,0.818333333,15.37849167,7.499733333,10.43635833,12.62415,0,1.3737,0,0,61.34209,0.31958,36.77,0.665185714,1751.808354
1.5,1673.15,48.42844167,0.65095,12.74725833,7.5844,16.91318333,10.14745833,0,1.534366667,0,0,62.0978625,0.331038462,36.09,0.631025,1975.416667
1.5,1673.15,50.30200833,0.733466667,13.3793,7.421233333,15.56246667,10.73813333,0,1.319508333,0,0,60.95606571,0.660573333,36.98,0.731673913,1950.75
1.5,1673.15,38.00692857,0.608442857,11.98735714,26.06820714,7.966507143,9.477967857,0,1.421842857,0,0,63.76651818,0.501791515,30.62,6.720587879,6790.321429
1.5,1673.15,35.67981111,0.550988889,10.64296667,25.78707778,8.360588889,12.60573333,0,1.334877778,0.116021429,0,63.99354,0.573773846,29.06,6.33424,6135.722222
1.5,1673.15,37.48202333,0.583436667,11.36222833,27.80416167,8.122966667,9.677851667,0,1.44522,0.118354545,0,64.15213846,0.54248733,29.71,7.06,6659.25
1.5,1673.15,37.18830714,0.581254762,11.24789286,28.77842619,8.043957143,9.271059524,0,1.429011905,0.1157,0,64.92121429,0.619567033,29.07,7.135792857,7193
1.5,1673.15,44.96713333,0,17.69373333,3.134433333,17.11393333,16.3477,0,0.225133333,0,0,62.3227,0.446404552,36.35,0.739786486,2756.333333
1.5,1673.15,45.10261875,0,17.3031125,2.902375,16.24732188,16.94924375,0,0.81878,0,0,61.67265833,0.498067735,36.47,0.75095,2785.75
1.5,1673.15,49.33758636,0.723072727,13.51823636,7.148104545,15.71883636,10.18350909,0,1.220627273,0,0,54.70410345,6.885081142,36.32,1.133,2240.086957
1.5,1673.15,46.522475,0.6131,15.30063333,6.67335,12.7945,12.1763,0,2.059966667,0.168866667,0,55.516032,6.946865212,36.09,0.602488,2191.75
1.5,1673.15,48.04895,0.679333333,12.95645833,8.075591667,15.89039167,10.59625,0,1.669083333,0.135991667,0,59.53636071,1.862273571,36.38,1.561828571,2257.583333
1.5,1673.15,48.753065,0.59844,10.03159,3.39664,22.94344,11.274625,0,0.81878,0,0,49.274328,11.86358371,37.21,0.458424,2758.55
1.5,1673.15,50.70007917,0.661891667,12.54189167,3.272708333,19.74822083,9.998154167,0,0.809295833,0,0,50.26585625,12.13686786,37.16,0.34345,2121.166667
1.5,1673.15,47.15708,0.7446,13.8594,12.54558,9.6499,11.466655,0,1.777505,0,0,53.76703936,11.40790745,32.01616406,2.80888913,2275.12
1.5,1673.15,45.43957059,0.726670588,14.02032059,13.80331765,9.058476471,10.96696176,0,1.702305882,0,0,50.81856212,14.37658182,31.69729384,3.107562222,2020.788235
1.5,1673.15,45.53806,0.73965,14.03019,13.87676,10.10846,11.0645,0,1.60973,0,0,49.09631216,16.94528919,31.07792518,2.880473469,2088.2
1.5,1673.15,49.387315,0.770695,14.56965,9.23857,10.10942,11.806725,0,2.0515,0,0,58.03199167,6.807863889,33.49773056,1.662413889,1808.38
1.5,1673.15,50.00624211,0.80684386,15.12204737,7.618352632,10.17725263,12.11365088,0,1.963338596,0,0,54.62551364,9.972090909,33.59788864,1.804506818,1560.74386
1.5,1673.15,48.844085,0.78948,14.471475,8.81908,10.39718,12.07236,0,2.057915,0,0,51.86104359,13.59617436,32.99607436,1.546707692,1749.66
1.5,1673.15,49.4189,0.800233333,15.4179,7.7533,10.83,12.00656667,0,1.797,0,0,49.24803125,17.111375,32.21920833,1.421385417,2260
1.5,1673.15,49.34241176,0.788852941,14.74550588,8.392676471,10.09332353,12.11518235,0,1.935305882,0,0,56.29884182,6.324549091,35.81528182,1.561327273,1959.623529
1.5,1673.15,48.58136757,0.767594595,14.41390811,7.452848649,10.04411081,12.69379189,0,2.511478378,0,0,56.60299583,6.046829167,35.7508125,1.5993625,2183.65
1.5,1673.15,49.2820027,0.802367568,14.61006757,7.199708108,10.20995135,12.31156757,0,1.880659459,0,0,51.92304667,11.13158,35.35976667,1.585606667,1633.362162
1.5,1673.15,37.60403462,0.587711538,10.76626538,27.24442692,7.601557692,9.447265385,0,1.359696154,0,0,60.49963333,4.25835098,29.22927255,6.012743137,5899.738462
1.5,1673.15,45.06378,0.0121,17.64082,3.295305,15.0195,17.346545,0,0.0856,0,0,57.97281795,3.913015385,37.46403333,0.650133333,2145.95
1.5,1673.15,28.32533333,0.465269048,9.118997619,29.8768881,7.396664286,16.0843381,0,1.138359524,0.096290476,0,59.41163889,7.008962963,27.35821111,6.221187037,7954.066667
1.5,1673.15,43.91556,0.01543,15.94489,4.42135,15.5119,16.80655,0,0.23461,0,0,30.67658478,35.98973696,32.81723913,0.51643913,1164.8
1.5,1673.15,52.07272,0.84109,16.3082,2.28394,11.29005,13.05275,0,1.74789,0.147346667,0,4.387634146,69.81040732,25.76098049,0.040978049,243.6
1.5,1673.15,51.10206,0.82113,15.95906,5.04737,11.81603,12.30254,0,1.8186,0.1476,0,32.00928056,34.23335278,33.40899167,0.348375,825.9
1.5,1673.15,46.72119167,0.730783333,14.32234167,11.56670833,9.497516667,11.31656667,0,1.5317,0.134609677,0,31.15691081,36.52455405,31.72149459,0.597040541,1015.583333
1.5,1923.15,51.26690476,0.791766667,15.79567143,7.126252381,10.60670952,12.44554762,0,1.985328571,0,0,61.2031,0.714233333,36.79228889,1.290377778,2328.72381
1.5,1923.15,48.72377368,0.768957895,14.65836842,8.364168421,10.59907368,12.19951053,0,1.9639,0,0,61.28580727,0.691930909,36.35375273,1.668509091,3353.557895
1.5,1573.15,48.49882941,0.800570588,14.81022059,9.244252941,10.04686765,12.06475588,0,1.809782353,0,0,61.24821714,0.664388571,35.97999429,2.1074,1676.623529
1.5,1773.15,49.15758,0.810211429,15.08604286,8.743148571,10.16339714,12.28006,0,1.919625714,0,0,61.51211333,0.682298333,35.734385,2.071203333,2852.834286
1.5,1573.15,48.22385714,0.887485714,16.8225,9.615857143,8.5158,10.86695714,0,2.023814286,0.213140909,0,59.70936667,0.656284848,37.56314515,2.071203333,1371.285714
1.5,1923.15,38.53937576,0.605112121,11.80073939,27.02291818,7.984860606,9.630054545,0,1.425963636,0,0,64.17459737,0.599255263,29.11332895,6.112818421,8104.70303
1.5,1923.15,45.64306818,0,17.7836,3.008404545,16.77356818,16.77126364,0,0.119972727,0,0,61.21522188,0.464009375,37.83296875,0.4878,4672.981818
1.5,1923.15,38.50236486,0.61552973,11.27794054,26.3963,7.797702703,9.141516216,0,1.380905405,0,0,60.76360968,4.139406452,28.77907742,6.317906452,6072.324324
1.5,1873.15,44.6519,0,17.66984483,3.115027586,16.75254483,16.70603793,0,0.142017241,0,0,58.28931296,4.382222222,36.79375,0.534714815,4692.937931
1.5,1973.15,44.99387,0.01307,17.9966,3.22324,18.38576,16.15372,0,0.08691,0,0,57.20934211,4.825118421,37.46869474,0.496844737,7778.7
1.5,1773.15,44.72748,0,17.541005,3.4930925,16.565225,16.66936,0,0.0724925,0,0,57.47814,4.428392,37.003672,1.089796,3170.97
1.5,1673.15,42.73695517,0.878975862,16.5391069,4.065344828,15.93696207,16.07641379,0,0,0,0,62.64912667,0,35.86199333,1.48888,1878.055172
1.5,1673.15,42.90912727,1.546113636,13.48538636,14.74805909,9.430104545,10.58131364,0,1.861109091,0.139963636,0,64.37440238,0,32.54610952,3.079488095,3284.454545
1.5,1673.15,37.90298824,1.380729412,11.76828824,24.31600588,8.1099,9.430323529,0,1.642976471,0.1254,0,65.04131591,0,29.40558636,5.553097727,5562.941176
1.5,1673.15,40.63234375,1.48619375,12.72448125,19.19514375,8.70000625,10.08679375,0,1.7041,0.1389375,0,64.66645263,0,31.29923158,4.034315789,4113.4
1.5,1673.15,35.192395,1.235925,11.14771,28.616685,8.214705,8.646765,0,1.4025,0.127405,0,67.08940159,0,31.70273333,1.207865079,7462.36
1.5,1733.15,45.82418462,0,9.900828205,3.791574359,17.44341282,18.51300513,0,0,0,0,59.26954,0.277766667,39.42636,1.026333333,3433.157895
1.5,1733.15,47.54870769,0,10.75865769,3.302003846,17.43911154,19.77415769,0,0,0,0,60.32626,0.164553333,38.51274,0.996446667,3416.961538
16,2473,42.43,0.17,3.17,4.96,44.95,3.55,0.07,0,0,0,59.67,0.15,37.45,1.14,3602
16,2473,42.95,0.14,2.91,3.7,45.47,3.22,0.06,0,0,0,60.45,0.25,34.51,0.63,6244
18,2473,42.08,0.14,2.84,4.94,45.81,2.94,0.09,0,0,0,56.9,0.18,39.49,1.5,3782
18,2473,43.38,0.17,3.21,5.25,42.79,3.49,0.11,0,0,0,58.82,0.24,38.09,1.18,3908
21,2473,42.71,0.16,3.03,4.71,44.76,3.3,0.09,0,0,0,54.99,0.19,42.53,1.66,4293
21,2473,44.46,0.06,2.09,4.91,43.48,1.82,0.06,0,0,0,57.2,0.12,40.71,1.79,2829
11,2473,39.17,0.09,2.78,4.82,48.85,2.94,0.09,0,0,0,57.84,0.24,38.85,2.38,6077
23,2473,49.31,0.13,5.18,4.68,36.05,3.7,0.36,0,0,0,57.7,0.11,38.8,1.5,1646
8,2173,38.52,0.16,4.3,8.22,45.36,2.74,0.3,0,0,0,59.13,0.39,35.62,2.99,4626
8,2173,42.47,0.2,4.05,8.24,40.48,3.67,0.29,0,0,0,59.52,0.4,35.88,2.61,3483
8,2173,37.95,0.23,4.17,6.69,46.65,3.92,0.18,0,0,0,60.34,0.25,35.26,4.77,5589
8,2173,38.37,0.16,1.77,6.08,49.09,3.04,0.07,0,0,0,59.89,0.22,35.73,5.03,5945
8,2273,36.78,0.14,2.73,5.82,52.11,2.53,0.1,0,0,0,60.52,0.26,37.42,1.42,8913
8,2273,37.82,0.15,3.08,7.48,48.79,3.45,0.08,0,0,0,60.2,0.18,37.68,1.95,7566
11,2373,40.21,0.12,3.08,7.37,45.46,2.82,0.13,0,0,0,58.06,0.12,37.51,2.22,2963
11,2273,39.61,0.24,4.29,9.13,41.29,5,0.16,0,0,0,56.96,0.16,37.15,2.44,3611
11,2273,40.12,0.23,4.34,8.27,41.55,4.86,0.17,0,0,0,58.16,0.21,36.96,2.23,3505
11,2473,40.54,0.18,3.21,7.29,44.83,3.67,0.01,0,0,0,56.58,0.15,38.03,1.85,4897
11,2473,41.12,0.15,2.95,6.67,45.61,3.26,0.1,0,0,0,57.84,0.14,37.93,2.13,6417
7,2473,36.8,0.14,2.34,7.78,49.37,2.81,0.01,0,0,0,56.5,0.13,37.65,2.18,9019
11,2623,38.48,0.15,2.25,6.13,49.83,2.85,0.01,0,0,0,56.07,0.17,38.71,1.7,7089
11,2623,37.21,0.14,2.54,6.38,49.95,2.94,0.1,0,0,0,57.55,0.15,38.86,1.81,6424
7,2473,37.376,0.122688,5.53329,4.766,53.212,0.73704,0.07374,0,0,0,64.09490476,0.339538461,33.6,1.336230769,8445
11,2473,39.2871,0.23869,4.0603,7.71674,42.7737,4.46155,0.15732589,0,0,0,60.71608482,0.1744666,38.06168889,2.3382,3379.040617
