,0,1,2,3,4,5,6,7,8,9,10,11,12,13,14,15,16
0,0.0,1518.15,52.02,0.7,17.49,7.44,10.17,10.86,0.0,1.96,0.13,0.0,9.02,68.3,22.48,0.01,151.0
1,1.0,1543.0,55.27,0.6,18.32,6.05,4.75,11.46,0.0,1.6,0.07,1.19,62.65,0.0,35.9,1.45,714.0
2,1.0,1623.0,76.3,0.11,13.2,0.76,0.07,0.56,0.0,5.32,4.72,0.0,63.53,0.0,36.47,0.0,186.0
3,1.0,1543.0,54.66,0.73,18.69,2.27,4.7,12.05,0.0,1.95,1.4,3.55,63.23,0.0,36.23,0.54,828.0
4,1.0,1523.0,75.6,0.11,13.0,0.73,0.07,0.57,0.0,4.19,4.74,0.0,63.53,0.0,36.47,0.0,172.0
5,1.0,1523.0,58.9,0.79,15.9,7.71,1.96,5.57,0.0,3.95,1.96,3.5,63.53,0.0,36.47,0.0,723.0
6,1.0,1523.0,73.6,0.1,12.5,0.78,0.07,0.54,0.0,3.49,4.55,6.1,63.53,0.0,36.47,0.0,373.0
7,1.0,1543.0,52.82,0.58,19.48,5.47,4.95,12.05,0.0,1.64,0.07,2.43,62.74,0.0,35.95,1.31,705.0
8,1.5,1523.15,50.79,1.79,14.67,10.75,6.19,8.83,0.0,2.66,0.0,0.0,50.12,14.61,34.29,0.0,912.0
9,0.0,1518.15,51.59,0.62,15.78,8.28,11.1,10.04,0.0,1.35,0.13,0.0,11.47,63.56,24.97,0.0,271.0
10,0.0,1518.15,51.94,0.67,16.93,7.44,10.65,10.49,0.0,1.62,0.13,0.0,26.92,43.29,28.91,0.0,477.0
11,1.0,1573.0,77.9,0.11,13.0,0.71,0.08,0.59,0.0,3.81,4.61,0.0,63.53,0.0,36.47,0.0,182.0
12,1.0,1523.0,72.6,0.1,12.3,0.97,0.0,0.55,0.0,3.37,4.02,4.2,63.53,0.0,36.47,0.0,595.0
13,1.0,1673.0,63.7,0.52,17.6,4.77,1.7,5.36,0.0,4.45,1.78,0.0,63.53,0.0,36.47,0.0,697.0
14,0.0,1518.15,51.76,0.65,16.86,7.81,10.79,10.42,0.0,1.5,0.12,0.0,26.19,44.93,27.45,0.0,589.0
15,0.0,1518.15,54.4,0.65,16.9,4.69,12.03,10.57,0.0,1.03,0.11,0.0,57.86,9.05,30.06,0.0,592.0
16,0.0,1518.15,52.26,0.59,16.84,7.42,8.82,10.3,0.0,1.95,0.12,0.0,9.91,67.5,22.42,0.0,170.0
17,1.0,1573.0,60.0,0.83,15.9,8.06,2.02,5.63,0.0,4.06,2.0,0.0,63.1,0.63,34.2,2.22,768.0
18,1.0,1623.0,62.1,0.52,17.8,4.59,1.7,5.34,0.0,5.91,1.8,0.0,63.53,0.0,36.47,0.0,546.0
19,3.0,1693.15,60.78,0.83,17.38,4.99,3.19,6.09,0.0,4.16,1.2,0.44,63.43,0.0,36.57,0.0,500.0
20,1.5,1673.15,54.45,1.39,13.96,7.1,5.39,6.74,0.0,3.31,3.2,0.0,59.79,1.7,36.38,2.14,744.0
21,1.0,1543.0,54.5,0.61,17.6,6.3,4.67,11.6,0.0,1.68,0.08,1.19,62.61,0.0,35.87,1.51,660.0
22,2.0,1693.15,60.78,0.83,17.38,5.4,3.19,6.09,0.0,4.16,1.2,0.44,63.53,0.0,36.47,0.0,900.0
23,2.0,1613.15,60.78,0.83,17.38,5.4,3.19,6.09,0.0,4.16,1.2,0.44,63.53,0.0,36.47,0.0,500.0
24,1.0,1723.0,75.7,0.1,13.1,0.79,0.07,0.57,0.0,5.27,4.73,0.0,63.53,0.0,36.47,0.0,499.0
25,1.0,1523.0,63.4,0.52,17.7,4.59,1.79,5.46,0.0,4.43,1.75,0.0,63.53,0.0,36.47,0.0,466.0
26,1.0,1573.0,63.2,0.54,17.8,4.95,1.77,5.44,0.0,5.17,1.78,0.0,63.53,0.0,36.47,0.0,438.0
27,1.0,1523.0,64.1,0.61,16.4,5.19,2.0,4.78,0.0,4.45,1.98,0.0,63.53,0.0,36.47,0.0,482.0
28,0.0,1636.15,50.0,0.35,10.6,11.4,16.6,9.37,0.42,0.14,0.03,0.0,14.0,56.4,30.4,0.0,620.0
29,0.0,1673.15,66.9,0.0,15.1,2.99,4.7,10.3,0.0,0.0,0.0,0.0,63.53,0.0,36.47,0.0,920.0
30,0.0,1518.15,51.98,0.71,17.99,6.39,8.65,11.1,0.0,1.88,0.15,0.0,13.85,61.46,24.56,0.0,163.0
31,1.0,1523.0,75.6,0.11,13.0,0.7,0.07,0.56,0.0,4.17,4.71,0.0,63.53,0.0,36.47,0.0,155.0
32,1.0,1523.0,75.7,0.12,13.0,0.59,0.0,0.55,0.0,3.99,4.75,0.0,63.53,0.0,36.47,0.0,143.0
33,1.5,1473.15,51.54,1.92,15.46,11.71,4.57,7.99,0.0,2.98,0.0,0.0,46.06,19.75,34.01,0.0,768.0
34,0.0,1576.15,48.8,0.0,17.1,3.42,10.1,19.0,0.0,0.0,0.0,0.0,5.42,71.9,21.8,0.0,240.0
35,1.0,1423.0,76.6,0.1,12.7,0.87,0.07,0.54,0.0,3.66,4.67,0.0,63.53,0.0,36.47,0.0,96.0
36,0.0,1518.15,51.72,0.69,17.35,7.96,8.36,10.93,0.0,1.97,0.14,0.0,2.16,77.48,20.36,0.0,90.0
37,9.0,2073.15,49.35,1.66,16.6,6.27,10.39,10.68,0.0,2.23,0.6,0.0,63.53,0.0,36.47,0.0,615.0
38,0.0,1518.15,54.86,0.61,15.43,5.71,11.92,9.36,0.0,1.28,0.09,0.0,37.06,32.2,28.3,0.0,288.0
39,0.0,1518.15,51.64,0.62,16.27,7.94,11.07,10.31,0.0,1.77,0.15,0.0,11.89,64.9,23.06,0.0,267.0
40,1.0,1523.0,75.5,0.12,12.9,0.73,0.08,0.55,0.0,4.23,4.62,0.0,63.53,0.0,36.47,0.0,144.0
41,1.0,1523.0,72.9,0.1,12.4,1.02,0.07,0.54,0.0,3.37,4.54,2.9,63.53,0.0,36.47,0.0,326.0
42,2.0,1573.15,54.38,1.19,14.71,11.11,4.58,8.01,0.0,2.67,1.14,0.0,63.53,0.0,36.47,0.0,900.0
43,0.0,1623.15,59.1,0.0,16.5,3.2,16.0,3.2,0.01,2.3,0.0,0.0,50.7,11.2,38.3,0.0,800.0
44,1.0,1423.0,77.2,0.11,12.9,0.88,0.07,0.53,0.0,3.83,4.7,0.0,63.53,0.0,36.47,0.0,80.0
45,1.5,1673.15,58.62,0.0,11.27,4.58,11.62,11.99,0.0,0.0,0.0,0.0,31.39,35.99,32.19,0.42,618.11
46,1.5,1673.15,60.64,0.56,16.75,5.47,3.15,5.98,0.0,3.74,1.14,0.0,56.96,2.62,38.72,1.7,884.66
47,1.0,1523.0,59.7,0.8,15.9,8.25,1.97,5.6,0.0,4.05,2.01,0.0,63.53,0.0,36.47,0.0,700.0
48,1.0,1543.0,53.49,1.12,16.65,4.44,3.31,9.83,0.0,2.7,6.25,1.31,62.9,0.0,36.04,1.07,842.0
49,0.0,1518.15,52.26,0.59,16.84,7.42,8.82,10.3,0.0,1.95,0.12,0.0,9.21,67.48,22.21,0.01,194.0
50,1.5,1673.15,51.1,0.82,15.96,5.05,11.82,12.3,0.0,1.82,0.15,0.0,32.01,34.23,33.41,0.35,825.9
51,1.0,1523.0,63.8,0.54,17.8,4.68,1.63,5.22,0.0,4.29,1.82,8.5,63.53,0.0,36.47,0.0,316.0
52,1.0,1523.0,75.0,0.11,12.8,0.85,0.0,0.55,0.0,3.83,4.58,0.0,63.53,0.0,36.47,0.0,181.0
53,1.0,1523.0,59.0,0.79,15.6,7.8,1.93,5.54,0.0,3.91,1.94,2.1,63.53,0.0,36.47,0.0,615.0
54,0.0,1574.15,48.8,0.0,17.4,5.18,10.1,18.7,0.0,0.0,0.0,0.0,6.12,70.7,22.8,0.0,160.0
55,1.0,1423.0,58.2,0.8,16.0,9.14,2.1,5.94,0.0,4.03,1.89,0.0,63.53,0.0,36.47,0.0,577.0
56,1.0,1423.0,47.7,1.73,17.4,12.1,4.55,7.65,0.0,4.0,2.74,0.0,63.53,0.0,36.47,0.0,452.0
57,0.0,1623.15,69.9,0.0,11.3,9.1,13.5,2.5,0.13,2.4,0.0,0.0,13.3,58.6,28.8,0.0,310.0
58,1.0,1423.0,59.4,0.92,14.4,9.5,2.23,5.14,0.0,3.76,2.24,2.8,63.53,0.0,36.47,0.0,534.0
59,1.0,1523.0,73.9,0.1,12.6,0.81,0.0,0.54,0.0,3.57,4.35,3.4,63.53,0.0,36.47,0.0,480.0
60,0.0,1518.15,51.4,0.66,17.13,7.47,8.86,10.75,0.0,2.1,0.13,0.0,13.29,63.41,22.51,0.01,182.0
61,0.5,1523.0,59.6,0.85,16.0,8.4,1.94,5.44,0.0,3.93,2.0,0.0,63.53,0.0,36.47,0.0,726.0
62,1.5,1673.15,57.32,0.02,14.39,7.05,10.36,0.66,0.0,7.58,0.03,0.0,57.83,3.4,36.66,2.11,644.0
63,0.0,1518.15,51.83,0.72,17.03,7.32,9.02,11.32,0.0,2.14,0.14,0.0,5.15,72.5,22.67,0.01,121.0
64,1.0,1673.0,76.1,0.11,13.0,0.78,0.07,0.57,0.0,4.0,4.68,0.0,63.53,0.0,36.47,0.0,323.0
65,1.0,1523.0,60.0,0.78,16.1,8.24,1.98,5.43,0.0,4.13,1.95,0.0,63.53,0.0,36.47,0.0,834.0
66,1.0,1523.0,58.9,0.8,15.6,7.9,1.92,5.54,0.0,3.97,1.97,4.4,63.53,0.0,36.47,0.0,776.0
67,0.0,1518.15,50.48,0.63,16.88,6.68,10.82,10.46,0.0,1.9,0.12,0.0,8.5,68.57,22.42,0.0,180.0
68,0.0,1518.15,51.94,0.69,17.13,7.9,10.54,10.44,0.0,1.46,0.11,0.0,26.5,44.64,28.86,0.0,477.0
69,1.0,1523.0,48.0,1.71,16.9,8.96,6.0,10.6,0.0,3.3,1.85,4.0,63.53,0.0,36.47,0.0,663.0
70,24.0,2433.15,51.94,0.21,4.11,7.7,32.21,1.29,0.0,0.05,0.0,0.0,63.79,0.73,32.65,2.46,514.22
71,0.0,1518.15,51.67,0.62,16.25,7.7,11.18,10.31,0.0,1.7,0.16,0.0,16.3,58.66,24.81,0.0,350.0
72,0.0,1673.15,66.5,0.0,14.2,4.2,4.2,10.1,0.0,0.0,0.0,0.0,63.53,0.0,36.47,0.0,921.0
73,0.0,1518.15,51.75,0.65,16.2,7.15,11.15,10.36,0.0,1.65,0.13,0.0,18.36,54.81,26.05,0.0,365.0
74,1.5,1673.15,62.91,0.64,12.25,2.74,8.63,10.38,0.0,1.3,0.12,0.0,5.55,70.04,24.35,0.06,292.67
75,1.0,1423.0,58.5,0.82,15.9,9.02,2.14,5.8,0.0,3.13,1.87,2.9,63.53,0.0,36.47,0.0,506.0
76,1.0,1683.0,40.83,0.63,8.8,25.23,10.25,8.73,0.0,0.54,0.13,0.0,62.48,0.76,30.28,3.84,5418.0
77,1.0,1683.0,37.39,0.85,11.19,17.82,14.1,14.63,0.0,0.38,0.07,0.0,61.96,0.25,29.34,4.67,4533.0
78,1.0,1773.0,37.97,10.87,9.41,18.25,8.71,11.94,0.36,0.34,0.05,0.0,63.98,0.0,33.22,2.78,5350.0
79,1.0,1783.0,42.35,4.9,6.7,18.44,15.22,8.32,0.0,0.45,0.13,0.0,60.31,0.0,31.07,4.43,4465.0
80,7.0,2073.15,45.77,0.02,3.63,24.16,9.9,10.28,0.0,1.26,0.0,0.0,63.12,0.66,33.94,2.12,4557.47
81,0.0,1673.15,41.7,14.1,8.5,13.4,10.8,11.2,0.0,0.0,0.0,0.0,63.53,0.0,36.47,0.0,4960.0
82,0.0,1673.15,40.9,13.8,8.3,14.5,10.6,11.0,0.0,0.0,0.0,0.0,63.53,0.0,36.47,0.0,4665.0
83,1.0,1683.0,37.94,18.77,5.45,12.21,13.89,7.62,0.0,0.21,0.14,0.0,61.17,0.0,38.69,2.93,4755.0
84,0.0,1673.15,45.5,15.3,9.9,3.5,12.4,12.4,0.0,0.0,0.0,0.0,63.53,0.0,36.47,0.0,4637.0
85,1.0,1873.15,46.5,0.65,10.0,16.4,9.23,12.9,0.0,1.78,0.17,0.0,62.1,0.0,35.0,0.0,5000.0
86,2.0,1973.15,46.67,0.53,10.77,17.3,9.58,13.55,0.0,1.62,0.16,0.0,62.5,0.0,33.0,0.0,4800.0
87,1.0,1883.0,46.04,0.64,9.45,18.55,12.0,9.77,0.0,0.77,0.07,0.0,60.12,0.61,31.01,3.31,5337.0
88,0.0,1673.15,41.6,14.1,8.5,13.5,10.7,11.2,0.0,0.0,0.0,0.0,63.53,0.0,36.47,0.0,5027.0
89,1.5,1823.0,39.34,10.74,9.28,17.71,8.41,12.44,0.37,0.37,0.06,0.0,64.65,0.0,33.31,2.27,4551.0
90,1.5,1673.15,44.23,0.01,17.71,0.88,17.7,16.44,0.0,0.35,0.01,0.0,44.91,15.29,39.71,0.09,4970.2
91,1.5,1873.15,48.68,0.59,8.65,16.43,9.88,13.31,0.0,1.21,0.15,0.0,62.2,0.0,35.6,0.0,4900.0
92,1.5,1923.15,54.3,0.0,13.18,12.97,4.58,13.04,0.0,0.0,0.0,0.0,59.03,2.41,35.9,2.66,4921.0
93,5.5,2073.15,47.3,0.03,9.6,3.37,19.97,18.15,0.0,0.03,0.0,0.0,62.68,0.18,36.09,0.25,4408.8
94,2.0,1873.15,47.8,0.35,6.3,14.7,21.2,6.8,0.0,0.61,0.04,0.0,61.2,0.0,33.4,0.0,4380.0
95,1.0,1883.0,43.44,1.8,12.32,13.28,9.98,11.74,0.0,0.48,0.26,0.0,59.5,0.24,32.17,3.18,4896.0
96,1.5,1873.15,47.7,0.37,5.8,15.5,21.0,6.5,0.0,0.5,0.03,0.0,61.9,0.0,33.9,0.0,5220.0
97,1.0,1883.0,36.67,0.34,6.87,26.84,14.6,10.43,0.0,0.23,0.11,0.0,36.32,34.07,28.1,2.02,4458.0
98,1.0,1883.0,36.63,0.37,6.49,31.72,13.14,7.56,0.0,0.07,0.03,0.0,25.35,49.71,22.66,0.03,5223.0
99,1.0,1783.0,45.59,0.66,9.3,21.27,10.68,8.55,0.0,0.48,0.05,0.0,61.31,1.26,32.13,3.77,5028.0
100,1.0,1873.15,49.02,0.63,8.3,15.7,9.92,13.35,0.0,1.87,0.15,0.0,63.3,0.0,34.0,0.0,4700.0
101,1.0,1683.0,41.1,2.19,10.85,20.12,11.82,9.54,0.0,0.4,0.16,0.0,60.01,0.95,32.37,3.46,4416.0
102,1.0,1873.15,47.5,0.63,9.9,12.1,11.0,15.6,0.0,1.78,0.18,0.0,62.5,0.0,37.0,0.0,4700.0
103,11.0,2473.0,40.54,0.18,3.21,7.29,44.83,3.67,0.01,0.0,0.0,0.0,56.58,0.15,38.03,1.85,4897.0
104,1.5,1923.15,41.08,0.0,16.63,9.13,15.37,15.29,0.0,0.0,0.0,0.0,59.78,1.4,37.2,1.62,4563.33
105,1.5,1923.15,34.72,0.0,13.82,8.7,26.87,14.26,0.0,0.0,0.0,0.0,59.59,2.02,35.77,2.61,4844.95
106,1.5,1923.15,45.64,0.0,17.78,3.01,16.77,16.77,0.0,0.12,0.0,0.0,61.22,0.46,37.83,0.49,4672.98
107,0.0,1673.15,41.5,14.2,8.5,13.5,10.7,11.2,0.0,0.0,0.0,0.0,63.53,0.0,36.47,0.0,4900.0
108,2.0,1923.15,46.0,0.63,10.7,17.7,9.5,13.4,0.0,1.7,0.17,0.0,62.4,0.0,35.0,0.0,4600.0
109,1.0,1688.0,37.89,0.79,12.31,24.44,6.95,14.0,0.0,0.14,0.05,0.0,61.46,0.39,27.93,5.25,4992.0
110,1.5,1873.15,45.6,0.5,10.9,17.0,9.3,13.0,0.0,1.65,0.15,0.0,62.0,0.0,36.0,0.0,4800.0
111,1.0,1883.0,37.87,0.37,6.75,23.82,15.67,10.67,0.0,0.1,0.05,0.0,42.64,25.71,26.35,2.98,4749.0
112,1.5,1773.0,38.63,10.29,9.62,16.19,8.98,13.31,0.35,0.37,0.06,0.0,63.91,0.0,33.6,2.09,5316.0
113,1.0,1883.0,36.67,0.34,7.14,28.36,14.74,8.17,0.0,0.13,0.03,0.0,29.69,39.51,25.02,1.92,4613.0
114,2.5,1673.0,33.28,17.21,7.34,22.97,5.9,10.85,0.18,0.36,0.07,0.0,63.94,0.0,34.07,1.76,4570.0
115,2.5,1783.0,49.62,0.22,7.54,11.5,19.32,7.59,0.0,0.09,0.03,0.0,56.6,0.0,37.66,2.76,2106.0
116,0.0,1673.15,56.1,1.4,17.2,2.5,8.7,13.5,0.0,0.0,0.0,0.0,63.53,0.0,36.47,0.0,1883.0
117,1.5,1673.15,57.69,0.0,20.4,1.12,6.53,13.02,0.0,0.0,0.0,0.0,62.15,0.35,36.0,0.36,1800.0
118,0.0,1671.0,48.0,2.98,9.05,18.22,11.07,9.43,0.0,0.03,0.0,0.0,89.11,0.0,10.05,0.0,2077.5
119,2.7,1773.15,47.7,0.21,14.6,6.11,22.4,8.47,0.42,0.14,0.0,0.0,61.5,0.43,37.5,0.0,1740.0
120,3.5,2073.15,50.91,1.65,17.23,9.31,7.58,10.15,0.0,2.09,0.56,0.0,63.53,0.0,36.47,0.0,1875.0
121,0.0,1673.15,53.7,1.4,15.5,8.7,7.9,12.7,0.0,0.0,0.0,0.0,63.53,0.0,36.47,0.0,1904.0
122,1.5,1673.15,48.14,0.0,18.17,16.36,5.61,9.39,0.0,0.0,0.0,0.0,62.52,0.32,33.24,3.06,2400.0
123,2.0,1653.15,45.93,3.73,11.67,17.01,4.23,8.81,0.0,2.4,1.28,1.03,63.53,0.0,36.47,0.0,1900.0
124,1.5,1673.15,50.7,0.66,12.54,3.27,19.75,10.0,0.0,0.81,0.0,0.0,50.27,12.14,37.16,0.34,2121.17
125,1.0,1833.0,53.59,7.02,12.57,6.55,5.1,11.89,0.0,0.08,0.08,0.0,58.9,0.0,34.61,1.57,2417.0
126,0.0,1673.15,55.7,2.4,14.3,9.3,8.9,9.7,0.0,0.0,0.0,0.0,63.53,0.0,36.47,0.0,1737.0
127,5.5,2073.15,49.72,0.77,13.4,7.51,11.16,12.63,0.0,2.07,0.0,0.0,62.29,0.66,35.33,0.56,2112.94
128,1.0,1723.15,50.3,0.36,11.1,9.86,16.8,10.4,0.11,0.27,0.05,0.0,61.2,0.93,36.7,0.0,1990.0
129,0.0,1671.0,47.29,3.0,9.08,17.95,11.07,9.4,0.0,0.14,0.0,0.0,88.39,0.0,10.3,0.0,2045.16
130,1.5,1673.15,41.46,0.0,16.47,7.19,14.98,15.12,0.0,0.0,0.0,0.0,57.71,2.93,37.84,1.52,2402.2
131,1.5,1773.15,39.28,0.0,15.0,11.59,15.05,14.12,0.0,0.0,0.0,0.0,61.26,1.13,33.4,3.18,2400.0
132,1.5,1673.15,50.3,0.73,13.38,7.42,15.56,10.74,0.0,1.32,0.0,0.0,60.96,0.66,36.98,0.73,1950.75
133,0.0,1673.15,54.0,2.3,13.9,11.4,8.5,9.3,0.0,0.0,0.0,0.0,63.53,0.0,36.47,0.0,2220.0
134,1.5,2073.15,47.51,0.02,17.03,0.01,12.89,20.28,0.0,0.09,0.0,0.0,0.07,74.12,21.94,0.0,2003.4
135,1.5,1773.15,41.12,0.0,15.95,7.51,15.51,14.91,0.0,0.0,0.0,0.0,60.5,1.16,35.46,1.98,2500.0
136,1.0,1673.0,53.1,1.05,18.9,8.77,3.43,7.9,0.0,3.98,0.97,0.0,61.7,0.49,34.4,1.77,1968.0
137,1.5,1673.15,45.44,0.73,14.02,13.8,9.06,10.97,0.0,1.7,0.0,0.0,50.82,14.38,31.7,3.11,2020.79
138,1.4,1773.15,49.2,0.29,9.77,14.0,17.8,8.16,0.17,0.09,0.04,0.0,64.4,1.37,32.7,0.0,2390.0
139,0.0,1670.0,49.05,3.07,9.13,16.82,11.1,9.58,0.0,0.03,0.0,0.0,85.74,0.0,14.21,0.0,2023.58
140,1.0,1673.0,50.6,1.27,15.5,8.37,9.33,11.4,0.0,2.47,0.0,0.0,63.53,0.0,36.47,0.0,1752.0
141,0.0,1678.0,48.32,2.9,8.99,18.4,10.92,9.46,0.0,0.02,0.0,0.0,90.22,0.0,9.8,0.0,2252.37
142,1.5,1673.15,46.52,0.61,15.3,6.67,12.79,12.18,0.0,2.06,0.17,0.0,55.52,6.95,36.09,0.6,2191.75
143,1.0,1723.15,53.0,0.34,10.8,7.78,17.9,10.1,0.27,0.04,0.04,0.0,62.2,0.76,35.7,0.0,1730.0
144,1.5,1673.15,47.16,0.74,13.86,12.55,9.65,11.47,0.0,1.78,0.0,0.0,53.77,11.41,32.02,2.81,2275.12
145,1.0,1723.15,50.8,2.12,7.79,8.37,14.5,4.16,0.05,0.73,8.39,0.0,60.4,2.48,35.4,0.0,2130.0
146,1.0,1523.0,46.1,1.58,16.2,14.3,5.95,9.97,0.0,3.05,1.73,0.0,63.53,0.0,36.47,0.0,1786.0
147,0.8,1723.15,48.2,0.83,16.14,9.18,10.45,11.98,0.01,2.07,0.1,0.0,51.74,12.2,33.95,1.86,1789.0
148,1.0,1723.15,50.8,0.33,10.5,9.23,18.4,10.2,0.12,0.23,0.05,0.0,61.1,1.88,35.7,0.0,2030.0
149,0.0,1673.15,52.8,1.3,15.3,9.4,7.7,12.5,0.0,0.0,0.0,0.0,63.53,0.0,36.47,0.0,1856.0
150,0.0,1673.15,53.9,2.3,13.9,11.7,8.6,9.3,0.0,0.0,0.0,0.0,63.53,0.0,36.47,0.0,2126.0
151,1.5,1673.15,48.58,0.77,14.41,7.45,10.04,12.69,0.0,2.51,0.0,0.0,56.6,6.05,35.75,1.6,2183.65
152,0.0,1673.15,53.0,0.0,15.5,11.2,11.6,9.1,0.0,0.0,0.0,0.0,63.53,0.0,36.47,0.0,2054.0
153,2.0,1773.15,47.1,0.5,14.5,9.87,12.6,13.3,0.13,0.24,0.08,0.0,59.5,1.15,38.6,0.0,1940.0
154,1.0,1723.15,46.3,0.0,12.0,7.06,17.2,16.5,0.0,0.0,0.0,0.0,59.7,1.46,36.5,0.0,2170.0
155,1.0,1723.15,50.4,0.27,8.36,12.3,19.8,7.97,0.31,0.0,0.03,0.0,62.7,0.59,35.2,0.0,2300.0
156,1.0,1523.0,43.8,1.51,15.4,16.3,5.74,10.3,0.0,3.04,1.6,0.0,63.53,0.0,36.47,0.0,1994.0
157,1.0,1583.0,46.94,2.06,13.7,13.01,8.37,10.81,0.0,0.54,0.33,0.0,60.87,0.37,35.12,3.46,1873.0
158,1.5,1923.15,51.27,0.79,15.8,7.13,10.61,12.45,0.0,1.99,0.0,0.0,61.2,0.71,36.79,1.29,2328.72
159,1.0,1723.15,49.7,0.4,12.1,8.76,16.5,11.8,0.09,0.29,0.05,0.0,60.9,0.92,36.8,0.0,1910.0
160,0.0,1473.15,49.56,5.69,8.74,9.97,9.73,11.99,0.0,1.79,1.06,0.0,47.49,16.14,34.79,0.0,1778.0
161,1.0,1723.0,52.9,1.31,16.2,4.4,9.72,12.0,0.0,2.52,0.1,0.0,63.53,0.0,36.47,0.0,1770.0
162,1.0,1723.15,47.0,0.0,10.6,8.63,16.4,16.7,0.0,0.0,0.0,0.0,57.3,5.81,34.5,0.0,2050.0
163,0.0,1671.0,50.56,3.06,9.44,15.4,11.58,9.91,0.0,0.04,0.0,0.0,89.59,0.0,10.84,0.0,1817.69
164,1.5,1673.15,45.06,0.01,17.64,3.3,15.02,17.35,0.0,0.09,0.0,0.0,57.97,3.91,37.46,0.65,2145.95
165,2.0,1693.15,45.93,3.73,11.67,17.01,4.23,8.81,0.0,2.4,1.28,1.03,63.53,0.0,36.47,0.0,2200.0
166,1.0,1673.0,47.0,1.6,16.4,12.2,6.05,10.1,0.0,3.15,1.73,0.0,63.53,0.0,36.47,0.0,2266.0
167,1.0,1723.15,50.8,0.27,8.77,12.8,17.9,8.51,0.21,0.06,0.03,0.0,63.3,0.82,34.6,0.0,2230.0
168,1.0,1703.0,47.5,1.7,16.7,9.96,6.18,10.7,0.0,3.27,1.81,0.0,63.53,0.0,36.47,0.0,2247.0
169,2.5,1773.0,41.24,4.84,12.44,15.94,7.58,13.37,0.01,0.67,0.14,0.0,64.74,0.0,33.81,1.49,2490.0
170,1.0,1783.0,30.8,8.92,6.41,30.21,8.34,10.93,0.0,0.36,0.15,0.0,24.06,51.13,24.6,0.83,2504.0
171,1.0,1673.0,45.58,2.75,8.55,21.36,11.19,9.13,0.0,0.0,0.0,0.0,66.73,0.0,30.8,1.81,2300.08
172,1.0,1683.0,47.1,9.65,7.96,10.61,12.34,8.83,0.0,0.41,0.1,0.0,62.1,0.0,35.01,2.55,2533.0
173,2.0,1773.15,47.0,0.56,14.2,12.5,9.65,13.9,0.14,0.31,0.1,0.0,62.0,0.49,35.8,0.0,2150.0
174,1.5,1673.15,49.39,0.77,14.57,9.24,10.11,11.81,0.0,2.05,0.0,0.0,58.03,6.81,33.5,1.66,1808.38
175,2.5,1783.0,41.64,9.77,7.85,17.04,9.54,8.94,0.0,0.45,0.04,0.0,43.66,0.0,28.71,4.09,2388.0
176,1.5,1673.15,52.03,0.0,15.6,9.17,8.98,10.6,0.0,0.0,0.0,0.0,61.41,0.92,36.29,1.38,2165.0
177,1.6,1628.15,47.1,0.68,17.8,8.2,12.6,10.7,0.08,2.1,0.0,0.0,63.53,0.0,36.47,0.0,1800.0
178,1.5,1673.15,48.05,0.68,12.96,8.08,15.89,10.6,0.0,1.67,0.14,0.0,59.54,1.86,36.38,1.56,2257.58
179,1.0,1683.0,45.77,6.53,9.15,9.93,13.74,10.64,0.0,0.57,0.28,0.0,60.55,0.0,33.42,2.38,2377.0
180,2.0,1733.15,45.93,3.73,11.67,17.01,4.23,8.81,0.0,2.4,1.28,1.03,63.53,0.0,36.47,0.0,2500.0
181,1.5,1673.15,45.54,0.74,14.03,13.88,10.11,11.06,0.0,1.61,0.0,0.0,49.1,16.95,31.08,2.88,2088.2
182,1.0,1723.0,48.6,1.66,16.8,9.43,6.17,10.3,0.0,3.21,1.8,0.0,63.53,0.0,36.47,0.0,2385.0
183,0.0,1673.15,52.5,0.0,15.3,11.4,11.4,9.0,0.0,0.0,0.0,0.0,63.53,0.0,36.47,0.0,2126.0
184,1.0,1673.15,44.8,0.0,17.8,11.9,6.25,17.6,0.02,0.0,0.0,0.0,59.6,2.22,36.3,0.0,1810.0
185,4.0,2073.15,50.58,1.71,17.04,10.88,7.56,9.16,0.0,2.92,0.75,0.0,63.53,0.0,36.47,0.0,1855.0
186,1.0,1673.0,47.4,1.71,16.6,10.2,6.52,10.8,0.0,3.3,1.77,0.0,63.53,0.0,36.47,0.0,2520.0
187,7.0,2473.0,37.38,0.12,5.53,4.77,53.21,0.74,0.07,0.0,0.0,0.0,64.09,0.34,33.6,1.34,8445.0
188,1.5,2073.15,47.5,0.05,10.05,3.27,21.33,17.65,0.0,0.08,0.0,0.0,63.12,0.16,35.57,0.68,7037.0
189,1.0,1883.0,41.86,0.69,11.12,26.97,6.29,9.67,0.0,0.31,0.06,0.0,62.45,0.6,29.12,4.5,7648.0
190,1.5,1973.15,44.99,0.01,18.0,3.22,18.39,16.15,0.0,0.09,0.0,0.0,57.21,4.83,37.47,0.5,7778.7
191,1.5,1773.15,48.86,0.0,16.58,0.61,15.99,15.14,0.0,0.0,0.0,0.0,63.37,1.09,33.89,0.24,7900.0
192,8.0,2273.0,37.82,0.15,3.08,7.48,48.79,3.45,0.08,0.0,0.0,0.0,60.2,0.18,37.68,1.95,7566.0
193,1.0,1683.0,35.86,8.89,6.8,21.41,7.86,12.89,0.0,0.4,0.17,0.0,60.34,0.26,30.98,5.12,7424.0
194,11.0,2623.0,38.48,0.15,2.25,6.13,49.83,2.85,0.01,0.0,0.0,0.0,56.07,0.17,38.71,1.7,7089.0
195,1.5,1923.15,38.54,0.61,11.8,27.02,7.98,9.63,0.0,1.43,0.0,0.0,64.17,0.6,29.11,6.11,8104.7
196,1.5,1673.15,28.33,0.47,9.12,29.88,7.4,16.08,0.0,1.14,0.1,0.0,59.41,7.01,27.36,6.22,7954.07
197,8.0,2273.0,36.78,0.14,2.73,5.82,52.11,2.53,0.1,0.0,0.0,0.0,60.52,0.26,37.42,1.42,8913.0
198,1.5,1923.15,43.93,0.0,5.44,10.38,4.07,32.67,0.0,0.0,0.0,0.0,59.91,1.5,36.47,2.11,7993.48
199,7.0,2473.0,36.8,0.14,2.34,7.78,49.37,2.81,0.01,0.0,0.0,0.0,56.5,0.13,37.65,2.18,9019.0
200,0.9,1773.15,51.0,0.37,10.1,17.2,10.5,8.99,0.13,0.16,0.04,0.0,58.8,6.51,34.0,0.0,3320.0
201,1.5,1923.15,37.39,0.0,34.04,11.6,0.21,16.64,0.0,0.0,0.0,0.0,59.22,3.15,35.68,1.95,2941.5
202,1.5,1923.15,48.72,0.77,14.66,8.36,10.6,12.2,0.0,1.96,0.0,0.0,61.29,0.69,36.35,1.67,3353.56
203,1.5,1673.15,59.63,0.0,20.21,0.56,6.5,10.97,0.0,0.0,0.0,0.0,62.34,0.29,36.86,0.21,3400.0
204,1.0,1783.0,47.16,9.36,7.9,11.81,11.78,8.7,0.0,0.37,0.02,0.0,62.19,0.0,34.4,2.83,3005.0
205,1.0,1783.0,58.67,0.29,10.12,16.4,1.56,3.31,0.0,0.57,5.45,0.0,62.07,2.56,29.87,3.77,3097.0
206,1.5,1673.15,42.91,1.55,13.49,14.75,9.43,10.58,0.0,1.86,0.14,0.0,64.37,0.0,32.55,3.08,3284.45
207,1.0,1673.0,46.53,2.78,9.92,20.22,10.79,9.21,0.0,0.26,0.0,0.0,64.66,0.0,34.39,1.86,3314.05
208,1.0,1773.15,50.0,0.25,8.55,12.8,20.7,7.09,0.17,0.19,0.04,0.0,62.0,0.74,36.3,0.0,2910.0
209,1.0,1783.0,42.66,1.09,19.36,12.66,7.88,13.08,0.0,0.23,0.11,0.0,58.95,2.3,30.75,2.96,2886.0
210,1.0,2073.15,47.07,0.9,9.92,15.49,15.18,8.83,0.0,1.89,0.37,0.0,63.53,0.0,36.47,0.0,3370.0
211,21.0,2473.0,44.46,0.06,2.09,4.91,43.48,1.82,0.06,0.0,0.0,0.0,57.2,0.12,40.71,1.79,2829.0
212,0.0,1473.15,44.68,5.09,8.48,17.84,8.94,11.34,0.0,1.49,0.77,0.0,62.27,1.74,30.7,4.54,3349.0
213,11.0,2373.0,40.21,0.12,3.08,7.37,45.46,2.82,0.13,0.0,0.0,0.0,58.06,0.12,37.51,2.22,2963.0
214,5.0,1923.15,44.8,0.48,10.3,13.5,12.4,14.6,0.0,1.4,0.13,0.0,63.7,0.0,33.6,0.0,3400.0
215,1.0,1583.0,45.16,0.71,12.75,17.55,6.77,12.31,0.0,0.37,0.09,0.0,61.19,0.27,32.07,3.32,2700.0
216,2.0,1783.0,42.93,8.96,7.61,16.61,10.62,8.42,0.0,0.74,0.03,0.0,58.95,0.0,33.36,3.99,3199.0
217,1.0,1783.0,40.84,1.82,12.02,25.29,7.49,7.97,0.0,0.5,0.28,0.0,32.47,36.87,26.27,1.53,3011.0
218,1.5,1773.15,48.55,1.64,10.47,11.47,17.01,8.35,0.0,1.51,0.34,0.0,63.53,0.0,36.47,0.0,2750.0
219,1.5,1673.15,48.75,0.6,10.03,3.4,22.94,11.27,0.0,0.82,0.0,0.0,49.27,11.86,37.21,0.46,2758.55
220,1.5,1773.15,49.16,0.81,15.09,8.74,10.16,12.28,0.0,1.92,0.0,0.0,61.51,0.68,35.73,2.07,2852.83
221,11.0,2473.0,39.29,0.24,4.06,7.72,42.77,4.46,0.16,0.0,0.0,0.0,60.72,0.17,38.06,2.34,3379.04
222,2.0,1783.0,46.17,0.2,6.88,17.01,17.51,7.44,0.0,0.26,0.02,0.0,59.0,0.0,36.4,4.08,2567.0
223,2.5,1783.0,40.87,4.38,6.43,19.4,16.41,8.27,0.0,0.29,0.1,0.0,61.43,0.0,31.26,4.66,2677.0
224,1.0,1773.15,50.6,0.28,9.3,10.6,19.9,8.09,0.16,0.21,0.05,0.0,60.1,1.01,39.4,0.0,3270.0
225,2.0,1773.15,45.8,0.55,11.3,16.5,9.9,13.71,0.0,1.67,0.16,0.0,62.1,0.0,35.0,0.0,3300.0
226,1.25,1693.15,45.93,3.73,11.67,10.87,4.23,8.81,0.0,2.4,1.28,1.03,65.17,0.0,34.83,1.25,2600.0
227,1.0,1764.0,47.81,9.43,8.04,10.0,12.25,8.84,0.0,0.51,0.37,0.0,62.0,0.0,34.75,2.4,3034.0
228,1.5,1673.15,45.1,0.0,17.3,2.9,16.25,16.95,0.0,0.82,0.0,0.0,61.67,0.5,36.47,0.75,2785.75
229,1.0,1623.0,43.6,1.53,15.3,16.6,5.72,10.2,0.0,3.05,1.66,0.0,63.53,0.0,36.47,0.0,2951.0
230,0.0,1473.15,46.49,5.39,8.57,13.79,8.74,11.91,0.0,1.63,1.01,0.0,61.93,2.05,32.34,2.07,2716.0
231,1.5,1673.15,44.97,0.0,17.69,3.13,17.11,16.35,0.0,0.23,0.0,0.0,62.32,0.45,36.35,0.74,2756.33
232,1.5,1673.0,41.48,4.64,13.02,16.74,7.13,13.55,0.02,0.52,0.14,0.0,64.89,0.0,32.64,2.49,2800.0
233,1.5,1773.15,47.34,1.78,9.48,15.56,15.68,8.45,0.0,1.5,0.33,0.0,63.53,0.0,36.47,0.0,3125.0
234,1.0,1873.15,42.2,0.0,13.4,12.6,22.1,8.72,0.01,0.0,0.0,0.0,58.5,3.79,36.9,0.0,2870.0
235,1.0,1783.0,47.31,5.17,7.29,11.19,17.05,8.86,0.0,0.47,0.1,0.0,60.84,0.0,33.15,2.69,2928.0
236,5.0,1873.15,45.6,0.55,11.3,14.4,11.5,14.1,0.0,1.44,0.18,0.0,63.1,0.0,33.9,0.0,2800.0
237,0.0,1672.0,51.5,3.0,9.6,12.5,11.8,10.0,0.0,0.13,0.0,0.0,91.05,0.0,8.67,0.0,1433.0
238,1.0,1523.0,51.53,0.73,16.87,6.81,7.04,10.46,0.0,2.5,0.79,0.0,62.54,0.0,35.83,1.63,1020.0
239,2.0,1733.15,60.78,0.83,17.38,5.4,3.19,6.09,0.0,4.16,1.2,0.44,63.53,0.0,36.47,0.0,1200.0
240,0.8,1723.15,52.11,0.82,18.27,2.82,12.11,12.68,0.0,2.14,0.08,0.0,56.88,4.27,37.08,1.78,1642.0
241,1.0,1523.0,47.7,1.64,16.8,9.63,6.24,10.5,0.0,3.32,1.8,0.0,63.53,0.0,36.47,0.0,1378.0
242,0.0,1673.15,63.2,0.0,13.3,9.8,4.0,9.4,0.0,0.0,0.0,0.0,63.53,0.0,36.47,0.0,1425.0
243,0.8,1723.15,48.77,0.77,17.02,6.93,10.4,11.82,0.01,2.45,0.1,0.0,50.98,13.72,34.27,1.28,1310.0
244,1.0,1523.0,58.3,0.82,15.4,7.7,1.88,5.4,0.0,3.65,1.87,4.6,63.53,0.0,36.47,0.0,1167.0
245,0.0,1673.15,56.9,0.0,17.5,2.6,13.1,9.9,0.0,0.0,0.0,0.0,63.53,0.0,36.47,0.0,1711.0
246,0.0,1673.15,59.7,0.0,11.1,9.9,12.2,6.2,0.0,0.0,0.0,0.0,63.53,0.0,36.47,0.0,1477.0
247,1.0,1523.0,52.68,1.09,16.88,6.95,7.41,10.52,0.0,2.53,0.81,0.0,62.51,0.0,35.82,1.67,1083.0
248,0.0,1673.15,62.9,0.0,11.6,5.7,12.7,6.6,0.0,0.0,0.0,0.0,63.53,0.0,36.47,0.0,1374.0
249,1.5,1673.15,52.19,0.0,15.33,10.05,8.92,10.97,0.0,0.0,0.0,0.0,61.41,1.56,35.02,2.02,1644.36
250,1.0,1523.0,58.0,0.79,15.3,7.7,1.88,5.4,0.0,3.52,1.73,7.3,63.53,0.0,36.47,0.0,1265.0
251,1.0,1523.0,49.6,1.11,17.33,6.88,7.23,10.57,0.0,2.53,0.8,0.0,50.48,14.26,33.02,2.16,1137.0
252,1.0,1523.0,47.3,1.64,16.7,9.75,6.01,10.4,0.0,3.29,1.84,2.8,63.53,0.0,36.47,0.0,1231.0
253,1.6,1628.15,47.9,0.74,18.3,7.9,11.5,11.4,0.05,2.4,0.0,0.0,63.53,0.0,36.47,0.0,1400.0
254,0.8,1723.15,54.22,1.55,18.26,2.86,9.05,10.1,0.01,2.72,0.64,0.0,51.59,12.17,34.57,0.36,1622.0
255,1.0,1523.0,49.8,1.31,15.8,10.1,8.6,11.2,0.0,2.48,0.09,0.7,63.53,0.0,36.47,0.0,1246.0
256,0.0,1673.15,57.6,2.4,15.7,3.9,9.8,10.2,0.0,0.0,0.0,0.0,63.53,0.0,36.47,0.0,1567.0
257,0.0,1673.15,55.3,1.4,16.9,3.7,8.7,13.5,0.0,0.0,0.0,0.0,63.53,0.0,36.47,0.0,1683.0
258,1.0,1523.0,49.9,1.38,16.6,10.5,7.8,10.8,0.0,2.71,0.12,0.9,63.53,0.0,36.47,0.0,1180.0
259,1.0,1523.0,51.83,0.99,17.37,7.08,7.27,10.46,0.0,2.48,0.73,2.72,50.39,11.72,36.46,0.94,1355.0
260,0.8,1723.15,56.18,1.62,19.22,2.37,9.04,10.1,0.01,1.98,0.53,0.0,46.86,17.07,35.73,0.14,1180.0
261,0.0,1673.15,63.7,0.0,13.6,9.7,4.1,9.4,0.0,0.0,0.0,0.0,63.53,0.0,36.47,0.0,1345.0
262,1.0,1543.0,52.98,1.15,16.41,4.11,3.36,10.16,0.0,2.51,6.01,2.58,62.95,0.0,36.07,0.99,1184.0
263,2.0,1613.15,45.93,3.73,11.67,17.01,4.23,8.81,0.0,2.4,1.28,1.03,63.53,0.0,36.47,0.0,1700.0
264,0.0,1673.15,57.3,2.4,14.7,5.6,9.0,9.9,0.0,0.0,0.0,0.0,63.53,0.0,36.47,0.0,1588.0
265,1.6,1628.15,47.7,0.72,18.5,8.2,10.9,11.3,0.02,2.5,0.0,0.0,63.53,0.0,36.47,0.0,1400.0
266,0.5,1673.15,52.0,2.13,17.68,8.4,7.3,10.18,0.0,1.34,0.97,0.0,63.53,0.0,36.47,0.0,1640.0
267,1.1,1588.15,49.0,0.67,18.3,4.9,11.9,12.1,0.06,2.6,0.0,0.0,63.53,0.0,36.47,0.0,1100.0
268,1.5,1673.15,54.83,0.4,7.78,5.07,12.93,15.33,0.0,0.33,0.11,0.0,52.04,11.43,35.97,0.56,1443.04
269,1.0,1623.0,48.2,1.65,16.9,9.81,6.32,10.8,0.0,3.34,1.82,0.0,62.3,0.67,35.0,1.36,1545.0
270,1.0,1523.0,51.94,1.2,17.74,6.34,7.57,10.96,0.0,2.58,0.88,3.21,51.91,11.55,36.23,0.82,1402.0
271,1.5,1573.15,48.5,0.8,14.81,9.24,10.05,12.06,0.0,1.81,0.0,0.0,61.25,0.66,35.98,2.11,1676.62
272,1.0,1573.0,47.9,1.68,16.6,9.48,6.33,10.9,0.0,3.29,1.83,0.0,62.3,0.24,34.9,2.27,1489.0
273,1.5,2073.15,47.76,0.03,10.83,0.89,20.39,18.2,0.0,0.07,0.0,0.0,4.71,68.72,24.79,0.0,968.71
274,0.0,1673.15,60.4,0.0,11.2,9.7,12.4,6.3,0.0,0.0,0.0,0.0,63.53,0.0,36.47,0.0,1417.0
275,1.0,1543.0,54.7,0.9,18.02,1.85,4.18,11.33,0.0,2.28,3.35,3.39,63.29,0.0,36.26,0.44,1211.0
276,1.0,1523.0,50.99,0.71,16.85,8.51,7.08,10.35,0.0,2.51,0.84,0.0,58.92,4.75,35.31,1.37,1328.0
277,1.0,1543.0,53.37,1.09,16.42,4.43,3.14,9.51,0.0,2.52,6.24,2.84,62.9,0.0,36.04,1.06,1214.0
278,2.0,1733.15,54.38,1.19,14.71,11.11,4.58,8.01,0.0,2.67,1.14,0.0,63.53,0.0,36.47,0.0,1700.0
279,1.0,1703.0,59.3,0.82,15.9,8.24,1.96,5.58,0.0,4.07,1.96,0.0,63.5,0.33,34.3,1.77,1070.0
280,0.0,1673.15,60.4,0.0,11.2,9.6,12.4,6.3,0.0,0.0,0.0,0.0,63.53,0.0,36.47,0.0,1552.0
281,0.0,1638.15,51.3,0.36,10.7,9.9,17.9,9.17,0.27,0.06,0.01,0.0,39.9,24.8,35.9,0.0,1450.0
282,1.0,1523.0,52.16,1.12,17.37,6.12,7.61,10.47,0.0,2.79,0.99,1.7,62.64,0.0,35.89,1.47,1255.0
283,1.5,1873.0,42.75,0.0,15.05,8.12,15.78,16.12,0.0,0.11,0.0,0.0,26.36,45.64,28.78,0.63,1264.0
284,2.4,1773.15,50.0,0.21,9.66,5.92,22.6,10.8,0.29,0.24,0.0,0.0,62.3,0.37,36.7,0.0,1610.0
285,1.0,1523.0,48.9,1.31,14.0,9.6,8.8,11.3,0.0,2.32,0.09,2.8,63.53,0.0,36.47,0.0,1409.0
286,0.0,1673.15,61.8,0.0,13.2,11.9,4.0,9.2,0.0,0.0,0.0,0.0,63.53,0.0,36.47,0.0,1580.0
287,0.0,1671.0,51.32,3.18,9.67,12.65,11.87,9.97,0.0,0.02,0.0,0.0,91.04,0.0,9.35,0.0,1367.12
288,0.0,1637.15,49.6,0.35,10.64,11.9,17.2,8.81,0.35,0.15,0.02,0.0,25.9,41.1,33.3,0.0,1010.0
289,0.0,1627.15,53.6,0.35,11.0,6.8,18.4,9.84,0.28,0.11,0.01,0.0,44.6,17.3,36.8,0.0,1400.0
290,1.5,1673.15,51.8,2.5,17.7,8.6,7.3,9.94,0.0,1.22,0.9,0.0,63.53,0.0,36.47,0.0,1220.0
291,5.5,2073.15,50.2,1.6,17.21,10.22,7.4,10.11,0.0,1.9,0.9,0.0,63.53,0.0,36.47,0.0,1335.0
292,3.0,1693.15,54.38,1.19,14.71,8.62,4.58,8.01,0.0,2.67,1.14,0.0,64.04,0.0,35.96,0.4,1100.0
293,1.0,1523.0,48.5,1.65,16.7,9.24,6.31,10.8,0.0,3.36,1.85,0.0,62.7,0.41,34.8,2.51,1417.0
294,1.0,1523.0,52.73,1.1,17.33,5.9,7.2,10.51,0.0,2.55,0.79,0.0,48.64,13.76,35.34,1.26,1053.0
295,1.5,1908.15,49.42,0.87,9.39,11.32,16.94,7.79,0.0,1.22,0.73,0.0,57.98,5.12,34.57,2.33,1496.0
296,1.0,1523.0,50.34,1.09,17.29,5.92,7.21,10.51,0.0,2.54,0.8,0.0,62.67,0.0,35.91,1.42,1069.0
297,2.0,1653.15,54.38,1.19,14.71,11.11,4.58,8.01,0.0,2.67,1.14,0.0,63.53,0.0,36.47,0.0,1400.0
298,1.0,1573.15,47.1,0.7,17.7,8.7,11.9,10.8,0.07,2.21,0.0,0.0,63.53,0.0,36.47,0.0,1600.0
299,0.5,1673.15,50.42,1.8,16.92,9.95,7.06,9.66,0.0,2.45,0.79,0.0,63.53,0.0,36.47,0.0,1725.0
300,0.5,1523.0,49.4,1.69,17.0,8.4,6.41,10.9,0.0,3.38,1.78,0.0,63.53,0.0,36.47,0.0,1386.0
301,0.8,1723.15,49.48,0.77,17.04,8.18,11.39,11.98,0.01,2.12,0.13,0.0,58.35,4.81,34.5,1.96,1601.0
302,1.6,1628.15,47.7,0.72,18.2,8.2,11.4,11.1,0.04,2.4,0.0,0.0,63.53,0.0,36.47,0.0,1400.0
303,0.8,1723.15,50.92,0.86,17.75,5.07,11.26,12.13,0.01,2.27,0.13,0.0,51.12,11.62,35.29,1.07,1300.0
304,1.0,1673.0,48.51,2.95,9.23,18.56,11.32,9.55,0.0,0.24,0.0,0.0,87.26,0.0,10.44,0.0,1695.86
305,1.5,1673.15,50.01,0.81,15.12,7.62,10.18,12.11,0.0,1.96,0.0,0.0,54.63,9.97,33.6,1.8,1560.74
306,1.5,1873.0,40.74,0.0,14.3,13.51,14.66,14.95,0.0,0.12,0.0,0.0,27.23,45.09,27.95,1.04,1455.0
307,1.5,1773.15,51.34,1.57,17.62,9.8,7.44,9.29,0.0,2.93,0.8,0.0,63.53,0.0,36.47,0.0,1570.0
308,1.0,1543.0,54.08,1.11,16.3,4.95,3.81,9.88,0.0,2.98,4.22,3.14,62.82,0.0,35.99,1.19,1434.0
309,0.0,1673.15,55.9,0.0,16.3,5.5,12.0,9.7,0.0,0.0,0.0,0.0,63.53,0.0,36.47,0.0,1576.0
310,0.8,1723.15,55.88,1.63,18.69,0.98,9.98,10.61,0.0,1.87,0.53,0.0,43.83,18.71,37.23,0.14,1466.0
311,2.0,1693.15,54.38,1.19,14.71,11.11,4.58,8.01,0.0,2.67,1.14,0.0,63.53,0.0,36.47,0.0,1500.0
312,1.2,1588.15,48.0,0.61,18.4,5.1,12.6,11.5,0.09,1.78,0.0,0.0,63.53,0.0,36.47,0.0,1500.0
313,1.0,1523.0,50.0,1.28,16.1,9.9,8.48,11.0,0.0,2.59,0.0,0.0,63.53,0.0,36.47,0.0,1214.0
314,23.0,2473.0,49.31,0.13,5.18,4.68,36.05,3.7,0.36,0.0,0.0,0.0,57.7,0.11,38.8,1.5,1646.0
315,1.0,1523.0,52.78,1.2,16.91,6.49,7.35,10.53,0.0,2.52,0.81,1.21,50.65,12.08,33.74,2.09,1151.0
316,0.0,1673.15,60.0,0.0,11.2,10.1,12.4,6.3,0.0,0.0,0.0,0.0,63.53,0.0,36.47,0.0,1480.0
317,1.5,2073.15,47.88,0.02,10.08,0.9,20.62,18.25,0.0,0.08,0.0,0.0,6.12,63.74,28.64,0.05,1380.47
318,0.0,1473.15,50.86,6.33,10.39,4.76,11.02,12.77,0.0,1.09,0.58,0.0,59.12,1.52,38.14,0.0,1256.0
319,1.25,1693.15,60.78,0.83,17.38,3.45,3.19,6.09,0.0,4.16,1.2,0.44,63.86,0.0,36.14,0.26,1400.0
320,1.0,1523.0,51.28,0.89,17.13,7.13,7.19,10.69,0.0,2.58,0.83,0.0,64.65,0.03,36.75,1.14,1398.0
321,0.0,1673.15,67.7,0.0,15.0,1.86,4.6,10.1,0.0,0.0,0.0,0.0,63.53,0.0,36.47,0.0,960.0
322,1.6,1628.15,47.4,0.73,18.1,8.6,11.2,11.0,0.03,2.4,0.0,0.0,63.53,0.0,36.47,0.0,1400.0
323,1.5,1673.15,43.92,0.02,15.94,4.42,15.51,16.81,0.0,0.23,0.0,0.0,30.68,35.99,32.82,0.52,1164.8
324,1.0,1583.0,43.09,1.17,17.8,12.65,6.59,14.36,0.0,0.59,0.26,0.0,60.63,0.3,32.36,2.35,1635.0
325,1.5,1673.15,56.19,0.0,20.5,3.15,6.66,11.48,0.0,0.0,0.0,0.0,60.97,0.23,36.85,0.92,1100.0
326,0.0,1473.15,51.67,6.09,9.57,5.89,9.76,12.15,0.0,1.79,1.13,0.0,59.82,1.85,36.83,0.0,1284.0
327,1.5,1673.15,56.28,0.34,15.76,5.16,3.34,11.35,0.0,2.62,2.5,0.0,61.92,0.37,37.08,0.63,1209.73
328,1.0,1723.15,51.7,0.56,13.5,7.93,13.8,8.15,0.02,3.17,0.77,0.0,60.8,0.41,36.2,0.0,1500.0
329,16.0,2473.0,42.95,0.14,2.91,3.7,45.47,3.22,0.06,0.0,0.0,0.0,60.45,0.25,34.51,0.63,6244.0
330,1.0,1783.0,38.37,9.9,7.66,19.4,8.22,10.99,0.0,0.38,0.18,0.0,60.58,0.25,32.98,3.31,6052.0
331,1.5,1673.15,35.68,0.55,10.64,25.79,8.36,12.61,0.0,1.33,0.12,0.0,63.99,0.57,29.06,6.33,6135.72
332,1.5,1683.0,34.18,17.79,5.2,18.59,12.01,7.38,0.0,0.22,0.16,0.0,59.82,0.0,36.04,4.46,6273.0
333,1.5,1673.15,38.01,0.61,11.99,26.07,7.97,9.48,0.0,1.42,0.0,0.0,63.77,0.5,30.62,6.72,6790.32
334,1.5,1673.15,37.6,0.59,10.77,27.24,7.6,9.45,0.0,1.36,0.0,0.0,60.5,4.26,29.23,6.01,5899.74
335,11.0,2473.0,41.12,0.15,2.95,6.67,45.61,3.26,0.1,0.0,0.0,0.0,57.84,0.14,37.93,2.13,6417.0
336,1.0,1873.15,48.5,0.36,6.1,14.3,20.9,6.9,0.0,0.54,0.04,0.0,61.15,0.0,33.26,0.0,5540.0
337,8.0,2173.0,38.37,0.16,1.77,6.08,49.09,3.04,0.07,0.0,0.0,0.0,59.89,0.22,35.73,5.03,5945.0
338,1.5,1873.0,38.16,10.21,9.67,19.24,8.32,11.53,0.38,0.39,0.05,0.0,63.26,0.0,34.75,1.97,5864.0
339,1.5,1923.15,43.31,0.0,13.56,10.76,9.33,20.12,0.0,0.0,0.0,0.0,59.37,1.63,37.52,1.48,5789.29
340,8.0,2173.0,37.95,0.23,4.17,6.69,46.65,3.92,0.18,0.0,0.0,0.0,60.34,0.25,35.26,4.77,5589.0
341,1.5,1923.15,38.5,0.62,11.28,26.4,7.8,9.14,0.0,1.38,0.0,0.0,60.76,4.14,28.78,6.32,6072.32
342,1.0,1783.0,39.63,0.78,14.98,17.92,6.49,15.72,0.0,0.84,0.04,0.0,62.06,0.33,32.35,3.63,5655.0
343,1.0,1783.0,34.89,9.1,6.81,27.22,7.63,9.24,0.0,0.39,0.16,0.0,41.83,26.14,26.78,2.96,5852.0
344,1.5,1923.15,50.27,0.0,10.65,12.67,23.97,0.35,0.0,0.0,0.0,0.0,56.89,3.02,38.56,1.53,4040.85
345,1.0,1583.0,37.75,9.83,7.69,18.01,7.88,12.47,0.0,0.38,0.21,0.0,60.13,0.27,32.81,4.06,4110.0
346,1.5,1873.0,34.22,0.0,11.66,20.59,15.3,14.15,0.0,0.13,0.0,0.0,39.56,31.7,26.72,3.4,3568.0
347,21.0,2473.0,42.71,0.16,3.03,4.71,44.76,3.3,0.09,0.0,0.0,0.0,54.99,0.19,42.53,1.66,4293.0
348,16.0,2473.0,42.43,0.17,3.17,4.96,44.95,3.55,0.07,0.0,0.0,0.0,59.67,0.15,37.45,1.14,3602.0
349,1.5,1923.15,53.28,0.0,21.64,1.98,8.13,12.02,0.0,0.0,0.0,0.0,61.66,0.37,36.68,0.37,4200.0
350,2.0,1873.15,48.0,0.55,8.0,14.96,10.73,13.22,0.0,1.42,0.16,0.0,63.0,0.0,35.0,0.0,4300.0
351,1.5,1873.15,49.5,0.38,6.2,13.4,20.6,7.5,0.0,0.45,0.03,0.0,62.1,0.0,36.0,0.0,4100.0
352,0.0,1673.15,44.5,15.1,9.1,6.8,11.3,12.0,0.0,0.0,0.0,0.0,63.53,0.0,36.47,0.0,3999.0
353,1.0,1883.0,48.26,9.5,8.3,9.5,12.19,8.89,0.0,0.71,0.03,0.0,61.12,0.0,35.04,2.28,4130.0
354,1.0,1783.0,29.15,1.41,9.14,41.0,7.63,6.86,0.0,0.47,0.28,0.0,24.1,48.76,22.96,2.23,4027.0
355,1.0,1783.0,45.18,4.99,6.89,14.2,16.21,8.41,0.0,0.62,0.1,0.0,59.08,0.0,31.68,3.41,3644.0
356,0.0,1671.0,43.44,2.72,8.26,26.49,9.93,8.54,0.0,0.02,0.0,0.0,90.39,0.0,10.03,0.0,3718.74
357,11.0,2273.0,39.61,0.24,4.29,9.13,41.29,5.0,0.16,0.0,0.0,0.0,56.96,0.16,37.15,2.44,3611.0
358,5.5,2073.15,43.7,0.03,9.59,8.46,20.33,16.36,0.0,0.04,0.0,0.0,64.71,0.23,33.28,1.24,4200.79
359,1.0,1683.0,55.34,0.24,9.6,18.06,1.51,3.59,0.0,0.63,5.28,0.0,62.7,0.32,29.65,5.02,4144.0
360,2.5,2073.15,43.49,0.01,9.42,10.07,19.61,16.76,0.0,0.05,0.0,0.0,64.73,0.11,34.17,1.87,3800.89
361,0.0,1673.15,44.7,15.3,9.8,4.7,12.3,12.4,0.0,0.0,0.0,0.0,63.53,0.0,36.47,0.0,4012.0
362,1.5,1673.0,38.63,10.44,9.5,17.91,8.45,12.78,0.38,0.38,0.05,0.0,63.38,0.0,33.62,2.56,3941.0
363,2.0,1873.15,49.8,0.52,5.8,17.0,19.6,6.6,0.0,0.53,0.03,0.0,62.8,0.0,35.0,0.0,3800.0
364,2.5,1873.15,45.9,0.49,10.6,15.8,9.9,13.89,0.0,1.64,0.16,0.0,61.9,0.0,36.0,0.0,3700.0
365,1.0,1783.0,38.58,1.69,10.88,22.9,10.03,9.26,0.0,0.51,0.26,0.0,43.23,24.46,27.61,2.61,3909.0
366,1.0,1783.0,43.52,2.43,11.74,15.78,12.53,10.21,0.0,0.34,0.13,0.0,63.57,0.18,32.59,3.79,3703.0
367,1.5,1923.15,52.69,0.0,10.49,13.56,10.25,10.13,0.0,0.0,0.0,0.0,58.59,2.73,37.12,1.56,4357.59
368,2.0,1783.0,40.87,5.56,7.4,18.75,13.49,9.23,0.0,0.47,0.13,0.0,60.46,0.0,32.13,4.5,3658.0
369,1.5,1673.0,39.06,10.87,8.89,18.31,8.31,12.16,0.39,0.35,0.06,0.0,64.06,0.0,33.62,2.26,3776.0
370,1.0,1773.0,43.78,4.56,13.09,14.97,7.05,13.43,0.01,0.51,0.15,0.0,63.98,0.0,33.37,2.35,4054.0
371,0.5,1773.15,47.66,1.77,10.74,12.2,16.87,8.51,0.0,1.79,0.34,0.0,63.53,0.0,36.47,0.0,4010.0
372,1.0,1673.0,49.44,2.86,9.38,16.2,11.45,9.75,0.0,0.26,0.0,0.0,60.55,0.0,36.57,2.69,3598.57
373,18.0,2473.0,42.08,0.14,2.84,4.94,45.81,2.94,0.09,0.0,0.0,0.0,56.9,0.18,39.49,1.5,3782.0
374,2.5,1873.15,48.6,0.64,9.6,16.4,9.0,12.7,0.0,1.36,0.16,0.0,61.1,0.0,35.0,0.0,4100.0
375,2.5,1873.15,48.9,0.47,7.1,17.1,17.2,7.63,0.0,0.6,0.05,0.0,62.8,0.0,34.9,0.0,3500.0
376,18.0,2473.0,43.38,0.17,3.21,5.25,42.79,3.49,0.11,0.0,0.0,0.0,58.82,0.24,38.09,1.18,3908.0
